,wavenumber,absorbance
0,3996.31543,0.0
1,3994.38671,7e-05
2,3992.45799,8e-05
3,3990.52926,0.00014
4,3988.60054,0.00035
5,3986.67182,0.00053
6,3984.74309,0.00055
7,3982.81437,0.00054
8,3980.88564,0.00062
9,3978.95692,0.00066
10,3977.0282,0.00055
11,3975.09947,0.00041
12,3973.17075,0.00031
13,3971.24203,0.00028
14,3969.3133,0.00041
15,3967.38458,0.00067
16,3965.45586,0.00078
17,3963.52713,0.0006
18,3961.59841,0.00049
19,3959.66968,0.00058
20,3957.74096,0.00061
21,3955.81224,0.0006
22,3953.88351,0.00067
23,3951.95479,0.00068
24,3950.02607,0.00064
25,3948.09734,0.00084
26,3946.16862,0.00106
27,3944.2399,0.00073
28,3942.31117,0.00035
29,3940.38245,0.00049
30,3938.45372,0.00072
31,3936.525,0.00081
32,3934.59628,0.00064
33,3932.66755,0.0004
34,3930.73883,0.00062
35,3928.81011,0.00105
36,3926.88138,0.001
37,3924.95266,0.00073
38,3923.02393,0.00087
39,3921.09521,0.001
40,3919.16649,0.00082
41,3917.23776,0.00073
42,3915.30904,0.00097
43,3913.38032,0.00104
44,3911.45159,0.00081
45,3909.52287,0.00078
46,3907.59415,0.00079
47,3905.66542,0.00059
48,3903.7367,0.00075
49,3901.80797,0.0011
50,3899.87925,0.00103
51,3897.95053,0.00129
52,3896.0218,0.00171
53,3894.09308,0.00118
54,3892.16436,0.00038
55,3890.23563,0.00088
56,3888.30691,0.00143
57,3886.37819,0.00087
58,3884.44946,0.0009
59,3882.52074,0.00101
60,3880.59201,0.00056
61,3878.66329,0.00098
62,3876.73457,0.00128
63,3874.80584,0.00104
64,3872.87712,0.00123
65,3870.9484,0.00118
66,3869.01967,0.00145
67,3867.09095,0.00178
68,3865.16222,0.001
69,3863.2335,0.00059
70,3861.30478,0.0012
71,3859.37605,0.00203
72,3857.44733,0.00227
73,3855.51861,0.00116
74,3853.58988,0.0
75,3851.66116,0.00099
76,3849.73244,0.00204
77,3847.80371,0.00195
78,3845.87499,0.00143
79,3843.94626,0.00129
80,3842.01754,0.00167
81,3840.08882,0.00163
82,3838.16009,0.00124
83,3836.23137,0.00136
84,3834.30265,0.0015
85,3832.37392,0.00133
86,3830.4452,0.0014
87,3828.51648,0.00137
88,3826.58775,0.00145
89,3824.65903,0.00181
90,3822.7303,0.00121
91,3820.80158,0.00095
92,3818.87286,0.0018
93,3816.94413,0.00141
94,3815.01541,0.00118
95,3813.08669,0.00203
96,3811.15796,0.00233
97,3809.22924,0.00176
98,3807.30052,0.00147
99,3805.37179,0.00233
100,3803.44307,0.00216
101,3801.51434,0.00133
102,3799.58562,0.00217
103,3797.6569,0.00266
104,3795.72817,0.0024
105,3793.79945,0.00241
106,3791.87073,0.00233
107,3789.942,0.00224
108,3788.01328,0.00224
109,3786.08455,0.00221
110,3784.15583,0.00249
111,3782.22711,0.00268
112,3780.29838,0.0023
113,3778.36966,0.00252
114,3776.44094,0.00342
115,3774.51221,0.00401
116,3772.58349,0.00394
117,3770.65477,0.00361
118,3768.72604,0.0039
119,3766.79732,0.00438
120,3764.86859,0.00479
121,3762.93987,0.00525
122,3761.01115,0.00514
123,3759.08242,0.00534
124,3757.1537,0.00658
125,3755.22498,0.00755
126,3753.29625,0.0071
127,3751.36753,0.00653
128,3749.43881,0.00783
129,3747.51008,0.00918
130,3745.58136,0.00858
131,3743.65263,0.00898
132,3741.72391,0.01114
133,3739.79519,0.01226
134,3737.86646,0.01205
135,3735.93774,0.01189
136,3734.00902,0.0128
137,3732.08029,0.01432
138,3730.15157,0.01578
139,3728.22284,0.01654
140,3726.29412,0.0171
141,3724.3654,0.01828
142,3722.43667,0.01964
143,3720.50795,0.02101
144,3718.57923,0.02269
145,3716.6505,0.02468
146,3714.72178,0.02623
147,3712.79306,0.02735
148,3710.86433,0.02971
149,3708.93561,0.03327
150,3707.00688,0.0363
151,3705.07816,0.03831
152,3703.14944,0.04002
153,3701.22071,0.04252
154,3699.29199,0.04563
155,3697.36327,0.04837
156,3695.43454,0.05099
157,3693.50582,0.05335
158,3691.5771,0.05501
159,3689.64837,0.05722
160,3687.71965,0.0613
161,3685.79092,0.06582
162,3683.8622,0.0692
163,3681.93348,0.07206
164,3680.00475,0.07512
165,3678.07603,0.07802
166,3676.14731,0.08135
167,3674.21858,0.08668
168,3672.28986,0.0909
169,3670.36113,0.09309
170,3668.43241,0.09662
171,3666.50369,0.10046
172,3664.57496,0.10307
173,3662.64624,0.1056
174,3660.71752,0.10855
175,3658.78879,0.11113
176,3656.86007,0.11358
177,3654.93135,0.11703
178,3653.00262,0.11985
179,3651.0739,0.12093
180,3649.14517,0.1227
181,3647.21645,0.12613
182,3645.28773,0.12944
183,3643.359,0.13157
184,3641.43028,0.13318
185,3639.50156,0.13504
186,3637.57283,0.13722
187,3635.64411,0.13957
188,3633.71539,0.14192
189,3631.78666,0.14338
190,3629.85794,0.1436
191,3627.92921,0.14532
192,3626.00049,0.14858
193,3624.07177,0.15074
194,3622.14304,0.15159
195,3620.21432,0.15222
196,3618.2856,0.15375
197,3616.35687,0.15548
198,3614.42815,0.1563
199,3612.49942,0.15725
200,3610.5707,0.15859
201,3608.64198,0.15958
202,3606.71325,0.16069
203,3604.78453,0.16198
204,3602.85581,0.16296
205,3600.92708,0.16403
206,3598.99836,0.16553
207,3597.06964,0.16687
208,3595.14091,0.16789
209,3593.21219,0.16921
210,3591.28346,0.17051
211,3589.35474,0.17096
212,3587.42602,0.17148
213,3585.49729,0.17307
214,3583.56857,0.17456
215,3581.63985,0.17545
216,3579.71112,0.17629
217,3577.7824,0.17719
218,3575.85368,0.17802
219,3573.92495,0.179
220,3571.99623,0.18012
221,3570.0675,0.18073
222,3568.13878,0.18093
223,3566.21006,0.18205
224,3564.28133,0.18393
225,3562.35261,0.18514
226,3560.42389,0.18568
227,3558.49516,0.18624
228,3556.56644,0.18693
229,3554.63771,0.18754
230,3552.70899,0.18825
231,3550.78027,0.18926
232,3548.85154,0.19003
233,3546.92282,0.1904
234,3544.9941,0.19107
235,3543.06537,0.19225
236,3541.13665,0.19343
237,3539.20793,0.19423
238,3537.2792,0.19486
239,3535.35048,0.19577
240,3533.42175,0.19686
241,3531.49303,0.19769
242,3529.56431,0.19822
243,3527.63558,0.19864
244,3525.70686,0.19907
245,3523.77814,0.19964
246,3521.84941,0.20047
247,3519.92069,0.20138
248,3517.99197,0.20228
249,3516.06324,0.20319
250,3514.13452,0.20384
251,3512.20579,0.20413
252,3510.27707,0.20454
253,3508.34835,0.2056
254,3506.41962,0.20681
255,3504.4909,0.20748
256,3502.56218,0.20796
257,3500.63345,0.20851
258,3498.70473,0.20892
259,3496.776,0.20936
260,3494.84728,0.20999
261,3492.91856,0.21067
262,3490.98983,0.21126
263,3489.06111,0.21167
264,3487.13239,0.21224
265,3485.20366,0.21305
266,3483.27494,0.21358
267,3481.34622,0.21396
268,3479.41749,0.21455
269,3477.48877,0.21504
270,3475.56004,0.21531
271,3473.63132,0.21565
272,3471.7026,0.21606
273,3469.77387,0.21632
274,3467.84515,0.21655
275,3465.91643,0.21692
276,3463.9877,0.21733
277,3462.05898,0.21778
278,3460.13026,0.21846
279,3458.20153,0.21908
280,3456.27281,0.21937
281,3454.34408,0.21946
282,3452.41536,0.21975
283,3450.48664,0.22023
284,3448.55791,0.22037
285,3446.62919,0.22038
286,3444.70047,0.22054
287,3442.77174,0.22056
288,3440.84302,0.22072
289,3438.91429,0.22108
290,3436.98557,0.22153
291,3435.05685,0.22209
292,3433.12812,0.22252
293,3431.1994,0.22263
294,3429.27068,0.22255
295,3427.34195,0.22254
296,3425.41323,0.22264
297,3423.48451,0.22273
298,3421.55578,0.22283
299,3419.62706,0.22318
300,3417.69833,0.22366
301,3415.76961,0.22383
302,3413.84089,0.22371
303,3411.91216,0.22367
304,3409.98344,0.22388
305,3408.05472,0.224
306,3406.12599,0.22384
307,3404.19727,0.22377
308,3402.26855,0.22387
309,3400.33982,0.2239
310,3398.4111,0.22385
311,3396.48237,0.22393
312,3394.55365,0.22394
313,3392.62493,0.22376
314,3390.6962,0.2237
315,3388.76748,0.22384
316,3386.83876,0.22394
317,3384.91003,0.22393
318,3382.98131,0.22389
319,3381.05259,0.2237
320,3379.12386,0.22336
321,3377.19514,0.22305
322,3375.26641,0.22288
323,3373.33769,0.22284
324,3371.40897,0.22284
325,3369.48024,0.22276
326,3367.55152,0.22261
327,3365.6228,0.2225
328,3363.69407,0.22243
329,3361.76535,0.2222
330,3359.83662,0.22184
331,3357.9079,0.22163
332,3355.97918,0.2216
333,3354.05045,0.22155
334,3352.12173,0.22133
335,3350.19301,0.22094
336,3348.26428,0.22043
337,3346.33556,0.21995
338,3344.40684,0.21966
339,3342.47811,0.21962
340,3340.54939,0.21967
341,3338.62066,0.21948
342,3336.69194,0.21899
343,3334.76322,0.21848
344,3332.83449,0.21815
345,3330.90577,0.218
346,3328.97705,0.21793
347,3327.04832,0.21777
348,3325.1196,0.2175
349,3323.19088,0.21729
350,3321.26215,0.21719
351,3319.33343,0.21704
352,3317.4047,0.21668
353,3315.47598,0.21626
354,3313.54726,0.21606
355,3311.61853,0.21599
356,3309.68981,0.21576
357,3307.76109,0.21538
358,3305.83236,0.21497
359,3303.90364,0.21476
360,3301.97491,0.21477
361,3300.04619,0.21472
362,3298.11747,0.21454
363,3296.18874,0.21437
364,3294.26002,0.21406
365,3292.3313,0.21355
366,3290.40257,0.21319
367,3288.47385,0.21304
368,3286.54513,0.21282
369,3284.6164,0.21254
370,3282.68768,0.2124
371,3280.75895,0.21236
372,3278.83023,0.21217
373,3276.90151,0.2118
374,3274.97278,0.21141
375,3273.04406,0.21112
376,3271.11534,0.21089
377,3269.18661,0.2107
378,3267.25789,0.2106
379,3265.32917,0.21048
380,3263.40044,0.21022
381,3261.47172,0.20993
382,3259.54299,0.20959
383,3257.61427,0.20913
384,3255.68555,0.2086
385,3253.75682,0.20812
386,3251.8281,0.20782
387,3249.89938,0.20761
388,3247.97065,0.2072
389,3246.04193,0.20661
390,3244.1132,0.20632
391,3242.18448,0.20637
392,3240.25576,0.20621
393,3238.32703,0.20573
394,3236.39831,0.20531
395,3234.46959,0.2051
396,3232.54086,0.20496
397,3230.61214,0.20479
398,3228.68342,0.20445
399,3226.75469,0.20391
400,3224.82597,0.20324
401,3222.89724,0.20256
402,3220.96852,0.20207
403,3219.0398,0.20184
404,3217.11107,0.20166
405,3215.18235,0.20139
406,3213.25363,0.2011
407,3211.3249,0.20068
408,3209.39618,0.19998
409,3207.46746,0.19925
410,3205.53873,0.1987
411,3203.61001,0.1983
412,3201.68128,0.19781
413,3199.75256,0.19724
414,3197.82384,0.19677
415,3195.89511,0.19628
416,3193.96639,0.19568
417,3192.03767,0.19508
418,3190.10894,0.19449
419,3188.18022,0.19388
420,3186.25149,0.19326
421,3184.32277,0.19264
422,3182.39405,0.19209
423,3180.46532,0.19149
424,3178.5366,0.19081
425,3176.60788,0.19025
426,3174.67915,0.18971
427,3172.75043,0.189
428,3170.82171,0.1882
429,3168.89298,0.1875
430,3166.96426,0.18695
431,3165.03553,0.18648
432,3163.10681,0.186
433,3161.17809,0.18539
434,3159.24936,0.18458
435,3157.32064,0.18378
436,3155.39192,0.18309
437,3153.46319,0.18242
438,3151.53447,0.18184
439,3149.60575,0.1813
440,3147.67702,0.18063
441,3145.7483,0.17996
442,3143.81957,0.17939
443,3141.89085,0.17867
444,3139.96213,0.17794
445,3138.0334,0.17758
446,3136.10468,0.1773
447,3134.17596,0.17658
448,3132.24723,0.17564
449,3130.31851,0.17486
450,3128.38978,0.17421
451,3126.46106,0.17353
452,3124.53234,0.17269
453,3122.60361,0.17179
454,3120.67489,0.17101
455,3118.74617,0.17033
456,3116.81744,0.16966
457,3114.88872,0.16899
458,3112.96,0.16832
459,3111.03127,0.16755
460,3109.10255,0.16661
461,3107.17382,0.16567
462,3105.2451,0.16484
463,3103.31638,0.16403
464,3101.38765,0.16313
465,3099.45893,0.1622
466,3097.53021,0.16122
467,3095.60148,0.16024
468,3093.67276,0.1593
469,3091.74404,0.15835
470,3089.81531,0.15743
471,3087.88659,0.15662
472,3085.95786,0.1558
473,3084.02914,0.15481
474,3082.10042,0.15376
475,3080.17169,0.15281
476,3078.24297,0.1519
477,3076.31425,0.15097
478,3074.38552,0.15012
479,3072.4568,0.14937
480,3070.52807,0.14863
481,3068.59935,0.14782
482,3066.67063,0.1469
483,3064.7419,0.14596
484,3062.81318,0.14512
485,3060.88446,0.14434
486,3058.95573,0.14352
487,3057.02701,0.14261
488,3055.09829,0.14166
489,3053.16956,0.14077
490,3051.24084,0.13997
491,3049.31211,0.1392
492,3047.38339,0.13837
493,3045.45467,0.13759
494,3043.52594,0.1369
495,3041.59722,0.13622
496,3039.6685,0.13549
497,3037.73977,0.13471
498,3035.81105,0.13394
499,3033.88233,0.1331
500,3031.9536,0.13215
501,3030.02488,0.13124
502,3028.09615,0.13054
503,3026.16743,0.12997
504,3024.23871,0.12941
505,3022.30998,0.12872
506,3020.38126,0.12796
507,3018.45254,0.12727
508,3016.52381,0.12661
509,3014.59509,0.12595
510,3012.66636,0.12537
511,3010.73764,0.12488
512,3008.80892,0.12432
513,3006.88019,0.12353
514,3004.95147,0.1227
515,3003.02275,0.12202
516,3001.09402,0.12144
517,2999.1653,0.12088
518,2997.23658,0.12036
519,2995.30785,0.11985
520,2993.37913,0.11939
521,2991.4504,0.11897
522,2989.52168,0.11856
523,2987.59296,0.11816
524,2985.66423,0.11773
525,2983.73551,0.11729
526,2981.80679,0.11692
527,2979.87806,0.11658
528,2977.94934,0.11615
529,2976.02062,0.11576
530,2974.09189,0.11551
531,2972.16317,0.1152
532,2970.23444,0.11478
533,2968.30572,0.1144
534,2966.377,0.11414
535,2964.44827,0.11396
536,2962.51955,0.11372
537,2960.59083,0.11347
538,2958.6621,0.1133
539,2956.73338,0.11306
540,2954.80466,0.11265
541,2952.87593,0.11223
542,2950.94721,0.11186
543,2949.01848,0.11145
544,2947.08976,0.11111
545,2945.16104,0.11099
546,2943.23231,0.11093
547,2941.30359,0.11076
548,2939.37487,0.11068
549,2937.44614,0.11072
550,2935.51742,0.11064
551,2933.58869,0.11034
552,2931.65997,0.11
553,2929.73125,0.10967
554,2927.80252,0.10926
555,2925.8738,0.10869
556,2923.94508,0.10785
557,2922.01635,0.10665
558,2920.08763,0.10517
559,2918.15891,0.10366
560,2916.23018,0.10244
561,2914.30146,0.10148
562,2912.37273,0.10058
563,2910.44401,0.09964
564,2908.51529,0.09862
565,2906.58656,0.09757
566,2904.65784,0.0966
567,2902.72912,0.09567
568,2900.80039,0.09476
569,2898.87167,0.09389
570,2896.94295,0.09302
571,2895.01422,0.09212
572,2893.0855,0.09121
573,2891.15677,0.09034
574,2889.22805,0.08951
575,2887.29933,0.08872
576,2885.3706,0.08801
577,2883.44188,0.08737
578,2881.51316,0.08675
579,2879.58443,0.08615
580,2877.65571,0.08568
581,2875.72698,0.08532
582,2873.79826,0.08484
583,2871.86954,0.08414
584,2869.94081,0.08335
585,2868.01209,0.08259
586,2866.08337,0.08198
587,2864.15464,0.08162
588,2862.22592,0.08136
589,2860.2972,0.08108
590,2858.36847,0.08078
591,2856.43975,0.08052
592,2854.51102,0.08018
593,2852.5823,0.07945
594,2850.65358,0.0783
595,2848.72485,0.0769
596,2846.79613,0.07542
597,2844.86741,0.07394
598,2842.93868,0.07255
599,2841.00996,0.07126
600,2839.08124,0.07012
601,2837.15251,0.06909
602,2835.22379,0.0681
603,2833.29506,0.06726
604,2831.36634,0.06654
605,2829.43762,0.06571
606,2827.50889,0.06484
607,2825.58017,0.06417
608,2823.65145,0.06369
609,2821.72272,0.06315
610,2819.794,0.0625
611,2817.86527,0.06188
612,2815.93655,0.0613
613,2814.00783,0.0607
614,2812.0791,0.06013
615,2810.15038,0.05957
616,2808.22166,0.05896
617,2806.29293,0.05838
618,2804.36421,0.0579
619,2802.43549,0.05738
620,2800.50676,0.05688
621,2798.57804,0.05642
622,2796.64931,0.05585
623,2794.72059,0.05518
624,2792.79187,0.05456
625,2790.86314,0.05404
626,2788.93442,0.0536
627,2787.0057,0.05315
628,2785.07697,0.05264
629,2783.14825,0.05214
630,2781.21953,0.05173
631,2779.2908,0.0514
632,2777.36208,0.05106
633,2775.43335,0.05064
634,2773.50463,0.05009
635,2771.57591,0.04948
636,2769.64718,0.0489
637,2767.71846,0.04835
638,2765.78974,0.04787
639,2763.86101,0.04748
640,2761.93229,0.04707
641,2760.00356,0.04659
642,2758.07484,0.04606
643,2756.14612,0.04553
644,2754.21739,0.04507
645,2752.28867,0.04468
646,2750.35995,0.04428
647,2748.43122,0.04385
648,2746.5025,0.04343
649,2744.57378,0.04296
650,2742.64505,0.04242
651,2740.71633,0.04191
652,2738.7876,0.04149
653,2736.85888,0.0411
654,2734.93016,0.04068
655,2733.00143,0.04023
656,2731.07271,0.03984
657,2729.14399,0.0395
658,2727.21526,0.03916
659,2725.28654,0.03871
660,2723.35782,0.03821
661,2721.42909,0.03775
662,2719.50037,0.03731
663,2717.57164,0.03689
664,2715.64292,0.0365
665,2713.7142,0.0361
666,2711.78547,0.03575
667,2709.85675,0.03545
668,2707.92803,0.03511
669,2705.9993,0.0347
670,2704.07058,0.03427
671,2702.14185,0.03385
672,2700.21313,0.03342
673,2698.28441,0.03301
674,2696.35568,0.03262
675,2694.42696,0.03227
676,2692.49824,0.0319
677,2690.56951,0.03151
678,2688.64079,0.03118
679,2686.71207,0.0309
680,2684.78334,0.03058
681,2682.85462,0.03023
682,2680.92589,0.02989
683,2678.99717,0.02958
684,2677.06845,0.02925
685,2675.13972,0.02889
686,2673.211,0.0286
687,2671.28228,0.02841
688,2669.35355,0.02813
689,2667.42483,0.02764
690,2665.49611,0.02713
691,2663.56738,0.02675
692,2661.63866,0.02641
693,2659.70993,0.02608
694,2657.78121,0.02579
695,2655.85249,0.02553
696,2653.92376,0.02526
697,2651.99504,0.02495
698,2650.06632,0.02458
699,2648.13759,0.02423
700,2646.20887,0.02394
701,2644.28014,0.02367
702,2642.35142,0.02338
703,2640.4227,0.0231
704,2638.49397,0.02281
705,2636.56525,0.02247
706,2634.63653,0.02215
707,2632.7078,0.02189
708,2630.77908,0.02164
709,2628.85036,0.02132
710,2626.92163,0.02097
711,2624.99291,0.02066
712,2623.06418,0.02045
713,2621.13546,0.02027
714,2619.20674,0.02001
715,2617.27801,0.01973
716,2615.34929,0.01949
717,2613.42057,0.01923
718,2611.49184,0.01893
719,2609.56312,0.01862
720,2607.6344,0.01828
721,2605.70567,0.01796
722,2603.77695,0.01772
723,2601.84822,0.01758
724,2599.9195,0.01743
725,2597.99078,0.01724
726,2596.06205,0.01703
727,2594.13333,0.01677
728,2592.20461,0.01649
729,2590.27588,0.01626
730,2588.34716,0.0161
731,2586.41843,0.01588
732,2584.48971,0.01561
733,2582.56099,0.01531
734,2580.63226,0.01507
735,2578.70354,0.01493
736,2576.77482,0.0148
737,2574.84609,0.01456
738,2572.91737,0.01432
739,2570.98865,0.01412
740,2569.05992,0.01388
741,2567.1312,0.01361
742,2565.20247,0.01343
743,2563.27375,0.01335
744,2561.34503,0.01326
745,2559.4163,0.01312
746,2557.48758,0.01298
747,2555.55886,0.01282
748,2553.63013,0.01263
749,2551.70141,0.01245
750,2549.77269,0.01225
751,2547.84396,0.01201
752,2545.91524,0.01181
753,2543.98651,0.01165
754,2542.05779,0.01148
755,2540.12907,0.01131
756,2538.20034,0.0112
757,2536.27162,0.01112
758,2534.3429,0.01102
759,2532.41417,0.01088
760,2530.48545,0.01069
761,2528.55673,0.01046
762,2526.628,0.01025
763,2524.69928,0.01018
764,2522.77055,0.01019
765,2520.84183,0.01011
766,2518.91311,0.00991
767,2516.98438,0.0097
768,2515.05566,0.00951
769,2513.12694,0.00934
770,2511.19821,0.00921
771,2509.26949,0.00913
772,2507.34076,0.00909
773,2505.41204,0.00903
774,2503.48332,0.00889
775,2501.55459,0.00874
776,2499.62587,0.00859
777,2497.69715,0.00843
778,2495.76842,0.00829
779,2493.8397,0.00817
780,2491.91098,0.00802
781,2489.98225,0.00789
782,2488.05353,0.00776
783,2486.1248,0.00757
784,2484.19608,0.00732
785,2482.26736,0.00711
786,2480.33863,0.007
787,2478.40991,0.00693
788,2476.48119,0.0068
789,2474.55246,0.00666
790,2472.62374,0.00658
791,2470.69502,0.00651
792,2468.76629,0.0064
793,2466.83757,0.00628
794,2464.90884,0.00616
795,2462.98012,0.00604
796,2461.0514,0.00592
797,2459.12267,0.0058
798,2457.19395,0.00568
799,2455.26523,0.00563
800,2453.3365,0.00558
801,2451.40778,0.00542
802,2449.47905,0.0052
803,2447.55033,0.00508
804,2445.62161,0.00505
805,2443.69288,0.00499
806,2441.76416,0.00485
807,2439.83544,0.00468
808,2437.90671,0.00451
809,2435.97799,0.00436
810,2434.04927,0.00428
811,2432.12054,0.00428
812,2430.19182,0.00427
813,2428.26309,0.00419
814,2426.33437,0.00405
815,2424.40565,0.00394
816,2422.47692,0.00382
817,2420.5482,0.00365
818,2418.61948,0.00349
819,2416.69075,0.00336
820,2414.76203,0.00322
821,2412.83331,0.00308
822,2410.90458,0.00297
823,2408.97586,0.00291
824,2407.04713,0.00291
825,2405.11841,0.00293
826,2403.18969,0.00291
827,2401.26096,0.00281
828,2399.33224,0.00268
829,2397.40352,0.00255
830,2395.47479,0.00245
831,2393.54607,0.00239
832,2391.61734,0.00231
833,2389.68862,0.0022
834,2387.7599,0.00212
835,2385.83117,0.00211
836,2383.90245,0.00213
837,2381.97373,0.00208
838,2380.045,0.002
839,2378.11628,0.00196
840,2376.18756,0.002
841,2374.25883,0.00203
842,2372.33011,0.002
843,2370.40138,0.00197
844,2368.47266,0.00205
845,2366.54394,0.00221
846,2364.61521,0.00237
847,2362.68649,0.00246
848,2360.75777,0.00241
849,2358.82904,0.00216
850,2356.90032,0.00188
851,2354.9716,0.00177
852,2353.04287,0.00194
853,2351.11415,0.00238
854,2349.18542,0.00264
855,2347.2567,0.00233
856,2345.32798,0.0018
857,2343.39925,0.00157
858,2341.47053,0.00157
859,2339.54181,0.00161
860,2337.61308,0.00154
861,2335.68436,0.00135
862,2333.75563,0.00117
863,2331.82691,0.00113
864,2329.89819,0.0012
865,2327.96946,0.00131
866,2326.04074,0.00139
867,2324.11202,0.00137
868,2322.18329,0.00131
869,2320.25457,0.00125
870,2318.32585,0.00116
871,2316.39712,0.00101
872,2314.4684,0.00089
873,2312.53967,0.00085
874,2310.61095,0.00088
875,2308.68223,0.00089
876,2306.7535,0.00086
877,2304.82478,0.0008
878,2302.89606,0.00069
879,2300.96733,0.00058
880,2299.03861,0.00053
881,2297.10989,0.00049
882,2295.18116,0.00041
883,2293.25244,0.00033
884,2291.32371,0.0003
885,2289.39499,0.00032
886,2287.46627,0.00038
887,2285.53754,0.0004
888,2283.60882,0.00038
889,2281.6801,0.00035
890,2279.75137,0.00033
891,2277.82265,0.00032
892,2275.89392,0.00028
893,2273.9652,0.00025
894,2272.03648,0.00028
895,2270.10775,0.00031
896,2268.17903,0.00027
897,2266.25031,0.00017
898,2264.32158,0.0001
899,2262.39286,0.00012
900,2260.46414,0.00018
901,2258.53541,0.00018
902,2256.60669,0.00016
903,2254.67796,0.00018
904,2252.74924,0.0002
905,2250.82052,0.00017
906,2248.89179,0.00015
907,2246.96307,0.00019
908,2245.03435,0.00024
909,2243.10562,0.00023
910,2241.1769,0.00012
911,2239.24818,-1e-05
912,2237.31945,-2e-05
913,2235.39073,1e-05
914,2233.462,-6e-05
915,2231.53328,-0.00016
916,2229.60456,-0.00015
917,2227.67583,-8e-05
918,2225.74711,-4e-05
919,2223.81839,1e-05
920,2221.88966,3e-05
921,2219.96094,-2e-05
922,2218.03221,-4e-05
923,2216.10349,5e-05
924,2214.17477,0.00014
925,2212.24604,0.00016
926,2210.31732,0.00016
927,2208.3886,0.00016
928,2206.45987,9e-05
929,2204.53115,0.0
930,2202.60243,-6e-05
931,2200.6737,-3e-05
932,2198.74498,6e-05
933,2196.81625,0.00017
934,2194.88753,0.0002
935,2192.95881,0.00017
936,2191.03008,0.00012
937,2189.10136,0.0001
938,2187.17264,7e-05
939,2185.24391,4e-05
940,2183.31519,7e-05
941,2181.38647,9e-05
942,2179.45774,6e-05
943,2177.52902,3e-05
944,2175.60029,1e-05
945,2173.67157,6e-05
946,2171.74285,0.00016
947,2169.81412,0.00024
948,2167.8854,0.00026
949,2165.95668,0.0002
950,2164.02795,0.00014
951,2162.09923,0.00016
952,2160.1705,0.00023
953,2158.24178,0.0002
954,2156.31306,7e-05
955,2154.38433,2e-05
956,2152.45561,9e-05
957,2150.52689,0.00014
958,2148.59816,0.00016
959,2146.66944,0.00024
960,2144.74072,0.00027
961,2142.81199,0.0002
962,2140.88327,0.00012
963,2138.95454,0.00013
964,2137.02582,0.00018
965,2135.0971,0.00023
966,2133.16837,0.00022
967,2131.23965,0.00012
968,2129.31093,6e-05
969,2127.3822,0.0001
970,2125.45348,0.00013
971,2123.52476,0.00013
972,2121.59603,7e-05
973,2119.66731,-6e-05
974,2117.73858,-0.00016
975,2115.80986,-0.00018
976,2113.88114,-0.00019
977,2111.95241,-0.00014
978,2110.02369,-5e-05
979,2108.09497,-1e-05
980,2106.16624,3e-05
981,2104.23752,7e-05
982,2102.3088,4e-05
983,2100.38007,-1e-05
984,2098.45135,-1e-05
985,2096.52262,1e-05
986,2094.5939,0.0
987,2092.66518,-8e-05
988,2090.73645,-0.00013
989,2088.80773,-0.00013
990,2086.87901,-0.0002
991,2084.95028,-0.00033
992,2083.02156,-0.00038
993,2081.09283,-0.00038
994,2079.16411,-0.00046
995,2077.23539,-0.00056
996,2075.30666,-0.0006
997,2073.37794,-0.00055
998,2071.44922,-0.00047
999,2069.52049,-0.00041
1000,2067.59177,-0.00042
1001,2065.66305,-0.00043
1002,2063.73432,-0.0003
1003,2061.8056,-0.00016
1004,2059.87687,-0.00011
1005,2057.94815,-0.0001
1006,2056.01943,-0.00012
1007,2054.0907,-8e-05
1008,2052.16198,5e-05
1009,2050.23326,0.00018
1010,2048.30453,0.00029
1011,2046.37581,0.00044
1012,2044.44709,0.00057
1013,2042.51836,0.00065
1014,2040.58964,0.00076
1015,2038.66091,0.0009
1016,2036.73219,0.00098
1017,2034.80347,0.00113
1018,2032.87474,0.00137
1019,2030.94602,0.00158
1020,2029.0173,0.00173
1021,2027.08857,0.00186
1022,2025.15985,0.00201
1023,2023.23112,0.00219
1024,2021.3024,0.0024
1025,2019.37368,0.00251
1026,2017.44495,0.00252
1027,2015.51623,0.00269
1028,2013.58751,0.00294
1029,2011.65878,0.00306
1030,2009.73006,0.0031
1031,2007.80134,0.00314
1032,2005.87261,0.00322
1033,2003.94389,0.00332
1034,2002.01516,0.00338
1035,2000.08644,0.00337
1036,1998.15772,0.00331
1037,1996.22899,0.0033
1038,1994.30027,0.00318
1039,1992.37155,0.00303
1040,1990.44282,0.00316
1041,1988.5141,0.00322
1042,1986.58538,0.00312
1043,1984.65665,0.00303
1044,1982.72793,0.00296
1045,1980.7992,0.00295
1046,1978.87048,0.00298
1047,1976.94176,0.00294
1048,1975.01303,0.00277
1049,1973.08431,0.00261
1050,1971.15559,0.00256
1051,1969.22686,0.00241
1052,1967.29814,0.00214
1053,1965.36941,0.00207
1054,1963.44069,0.00197
1055,1961.51197,0.00171
1056,1959.58324,0.00155
1057,1957.65452,0.00142
1058,1955.7258,0.00124
1059,1953.79707,0.00112
1060,1951.86835,0.00105
1061,1949.93963,0.00093
1062,1948.0109,0.00078
1063,1946.08218,0.00069
1064,1944.15345,0.00041
1065,1942.22473,0.00022
1066,1940.29601,0.00045
1067,1938.36728,0.00047
1068,1936.43856,0.00024
1069,1934.50984,9e-05
1070,1932.58111,5e-05
1071,1930.65239,6e-05
1072,1928.72367,9e-05
1073,1926.79494,0.00014
1074,1924.86622,0.0
1075,1922.93749,1e-05
1076,1921.00877,0.00041
1077,1919.08005,0.00042
1078,1917.15132,0.00059
1079,1915.2226,0.00124
1080,1913.29388,0.0015
1081,1911.36515,0.00135
1082,1909.43643,0.00137
1083,1907.5077,0.00183
1084,1905.57898,0.00237
1085,1903.65026,0.00272
1086,1901.72153,0.00306
1087,1899.79281,0.00353
1088,1897.86409,0.00397
1089,1895.93536,0.0043
1090,1894.00664,0.0048
1091,1892.07792,0.00519
1092,1890.14919,0.00525
1093,1888.22047,0.00568
1094,1886.29174,0.00623
1095,1884.36302,0.00646
1096,1882.4343,0.00664
1097,1880.50557,0.00682
1098,1878.57685,0.00694
1099,1876.64813,0.00705
1100,1874.7194,0.00723
1101,1872.79068,0.00739
1102,1870.86196,0.00705
1103,1868.93323,0.00651
1104,1867.00451,0.00658
1105,1865.07578,0.00675
1106,1863.14706,0.00637
1107,1861.21834,0.00575
1108,1859.28961,0.00522
1109,1857.36089,0.00479
1110,1855.43217,0.00442
1111,1853.50344,0.0041
1112,1851.57472,0.00385
1113,1849.64599,0.00362
1114,1847.71727,0.00327
1115,1845.78855,0.00244
1116,1843.85982,0.00176
1117,1841.9311,0.00202
1118,1840.00238,0.00207
1119,1838.07365,0.00147
1120,1836.14493,0.00113
1121,1834.21621,0.00117
1122,1832.28748,0.00081
1123,1830.35876,0.00014
1124,1828.43003,0.00015
1125,1826.50131,0.00017
1126,1824.57259,-0.00013
1127,1822.64386,-5e-05
1128,1820.71514,-2e-05
1129,1818.78642,-0.00022
1130,1816.85769,-0.00021
1131,1814.92897,0.0
1132,1813.00025,-7e-05
1133,1811.07152,-0.00021
1134,1809.1428,0.00013
1135,1807.21407,0.00064
1136,1805.28535,0.00095
1137,1803.35663,0.00096
1138,1801.4279,0.00091
1139,1799.49918,0.00134
1140,1797.57046,0.00213
1141,1795.64173,0.00258
1142,1793.71301,0.0024
1143,1791.78428,0.00274
1144,1789.85556,0.0042
1145,1787.92684,0.00524
1146,1785.99811,0.0055
1147,1784.06939,0.00596
1148,1782.14067,0.00656
1149,1780.21194,0.00726
1150,1778.28322,0.00845
1151,1776.3545,0.00947
1152,1774.42577,0.00963
1153,1772.49705,0.00974
1154,1770.56832,0.01096
1155,1768.6396,0.01222
1156,1766.71088,0.01308
1157,1764.78215,0.01356
1158,1762.85343,0.01352
1159,1760.92471,0.01414
1160,1758.99598,0.01512
1161,1757.06726,0.01574
1162,1755.13854,0.0167
1163,1753.20981,0.01726
1164,1751.28109,0.01716
1165,1749.35236,0.01782
1166,1747.42364,0.01922
1167,1745.49492,0.02046
1168,1743.56619,0.02132
1169,1741.63747,0.02207
1170,1739.70875,0.02347
1171,1737.78002,0.02557
1172,1735.8513,0.02635
1173,1733.92257,0.02701
1174,1731.99385,0.02973
1175,1730.06513,0.03213
1176,1728.1364,0.03377
1177,1726.20768,0.03537
1178,1724.27896,0.03712
1179,1722.35023,0.03928
1180,1720.42151,0.04061
1181,1718.49279,0.04086
1182,1716.56406,0.0424
1183,1714.63534,0.04523
1184,1712.70661,0.04761
1185,1710.77789,0.04929
1186,1708.84917,0.05059
1187,1706.92044,0.05198
1188,1704.99172,0.05437
1189,1703.063,0.05674
1190,1701.13427,0.05778
1191,1699.20555,0.05983
1192,1697.27683,0.06239
1193,1695.3481,0.06464
1194,1693.41938,0.06759
1195,1691.49065,0.06975
1196,1689.56193,0.07167
1197,1687.63321,0.07379
1198,1685.70448,0.07476
1199,1683.77576,0.07667
1200,1681.84704,0.0809
1201,1679.91831,0.08412
1202,1677.98959,0.08564
1203,1676.06087,0.08681
1204,1674.13214,0.08912
1205,1672.20342,0.09132
1206,1670.27469,0.09239
1207,1668.34597,0.09467
1208,1666.41725,0.09747
1209,1664.48852,0.09862
1210,1662.5598,0.09963
1211,1660.63108,0.10218
1212,1658.70235,0.10493
1213,1656.77363,0.1061
1214,1654.8449,0.10514
1215,1652.91618,0.1057
1216,1650.98746,0.10981
1217,1649.05873,0.11114
1218,1647.13001,0.11001
1219,1645.20129,0.11105
1220,1643.27256,0.11313
1221,1641.34384,0.11426
1222,1639.41512,0.11456
1223,1637.48639,0.11366
1224,1635.55767,0.11301
1225,1633.62894,0.11439
1226,1631.70022,0.11528
1227,1629.7715,0.11439
1228,1627.84277,0.11336
1229,1625.91405,0.11256
1230,1623.98533,0.11116
1231,1622.0566,0.11031
1232,1620.12788,0.10949
1233,1618.19916,0.10662
1234,1616.27043,0.10362
1235,1614.34171,0.10246
1236,1612.41298,0.10114
1237,1610.48426,0.09876
1238,1608.55554,0.0963
1239,1606.62681,0.09408
1240,1604.69809,0.09177
1241,1602.76937,0.08933
1242,1600.84064,0.0872
1243,1598.91192,0.08536
1244,1596.98319,0.08352
1245,1595.05447,0.08171
1246,1593.12575,0.08015
1247,1591.19702,0.07868
1248,1589.2683,0.07719
1249,1587.33958,0.07575
1250,1585.41085,0.0743
1251,1583.48213,0.07291
1252,1581.55341,0.07188
1253,1579.62468,0.07077
1254,1577.69596,0.06857
1255,1575.76723,0.06692
1256,1573.83851,0.06726
1257,1571.90979,0.06667
1258,1569.98106,0.06474
1259,1568.05234,0.06421
1260,1566.12362,0.06453
1261,1564.19489,0.06488
1262,1562.26617,0.06436
1263,1560.33745,0.06127
1264,1558.40872,0.05921
1265,1556.48,0.06085
1266,1554.55127,0.06137
1267,1552.62255,0.06042
1268,1550.69383,0.05926
1269,1548.7651,0.05871
1270,1546.83638,0.05839
1271,1544.90766,0.05736
1272,1542.97893,0.05556
1273,1541.05021,0.05285
1274,1539.12148,0.05185
1275,1537.19276,0.0529
1276,1535.26404,0.05179
1277,1533.33531,0.04951
1278,1531.40659,0.04901
1279,1529.47787,0.04854
1280,1527.54914,0.04704
1281,1525.62042,0.04578
1282,1523.6917,0.04426
1283,1521.76297,0.04221
1284,1519.83425,0.04126
1285,1517.90552,0.04019
1286,1515.9768,0.03883
1287,1514.04808,0.03825
1288,1512.11935,0.03765
1289,1510.19063,0.03597
1290,1508.26191,0.0323
1291,1506.33318,0.02953
1292,1504.40446,0.03017
1293,1502.47574,0.03026
1294,1500.54701,0.02824
1295,1498.61829,0.02567
1296,1496.68956,0.0242
1297,1494.76084,0.02436
1298,1492.83212,0.02408
1299,1490.90339,0.02234
1300,1488.97467,0.02124
1301,1487.04595,0.02177
1302,1485.11722,0.02255
1303,1483.1885,0.02274
1304,1481.25977,0.02295
1305,1479.33105,0.02371
1306,1477.40233,0.02439
1307,1475.4736,0.02469
1308,1473.54488,0.0251
1309,1471.61616,0.02702
1310,1469.68743,0.02983
1311,1467.75871,0.03112
1312,1465.82999,0.03135
1313,1463.90126,0.03272
1314,1461.97254,0.03465
1315,1460.04381,0.0347
1316,1458.11509,0.03353
1317,1456.18637,0.03443
1318,1454.25764,0.03664
1319,1452.32892,0.03743
1320,1450.4002,0.03709
1321,1448.47147,0.03686
1322,1446.54275,0.03749
1323,1444.61403,0.03843
1324,1442.6853,0.03909
1325,1440.75658,0.03963
1326,1438.82785,0.03942
1327,1436.89913,0.03899
1328,1434.97041,0.04013
1329,1433.04168,0.04146
1330,1431.11296,0.0418
1331,1429.18424,0.0424
1332,1427.25551,0.04345
1333,1425.32679,0.04421
1334,1423.39806,0.04506
1335,1421.46934,0.04559
1336,1419.54062,0.04556
1337,1417.61189,0.04678
1338,1415.68317,0.04877
1339,1413.75445,0.05004
1340,1411.82572,0.05105
1341,1409.897,0.05252
1342,1407.96828,0.05409
1343,1406.03955,0.0553
1344,1404.11083,0.05664
1345,1402.1821,0.05779
1346,1400.25338,0.05761
1347,1398.32466,0.0565
1348,1396.39593,0.05474
1349,1394.46721,0.05258
1350,1392.53849,0.05101
1351,1390.60976,0.04968
1352,1388.68104,0.0483
1353,1386.75232,0.04783
1354,1384.82359,0.04772
1355,1382.89487,0.04628
1356,1380.96614,0.04381
1357,1379.03742,0.04166
1358,1377.1087,0.04007
1359,1375.17997,0.03854
1360,1373.25125,0.03738
1361,1371.32253,0.03658
1362,1369.3938,0.03564
1363,1367.46508,0.03495
1364,1365.53635,0.03431
1365,1363.60763,0.03323
1366,1361.67891,0.03237
1367,1359.75018,0.03198
1368,1357.82146,0.03151
1369,1355.89274,0.03102
1370,1353.96401,0.03077
1371,1352.03529,0.03062
1372,1350.10657,0.03038
1373,1348.17784,0.03012
1374,1346.24912,0.02995
1375,1344.32039,0.02982
1376,1342.39167,0.02949
1377,1340.46295,0.02892
1378,1338.53422,0.02873
1379,1336.6055,0.02899
1380,1334.67678,0.02905
1381,1332.74805,0.0289
1382,1330.81933,0.02884
1383,1328.89061,0.02895
1384,1326.96188,0.02918
1385,1325.03316,0.02949
1386,1323.10443,0.02978
1387,1321.17571,0.02984
1388,1319.24699,0.02985
1389,1317.31826,0.03013
1390,1315.38954,0.03058
1391,1313.46082,0.03107
1392,1311.53209,0.03168
1393,1309.60337,0.03223
1394,1307.67464,0.0327
1395,1305.74592,0.03336
1396,1303.8172,0.03418
1397,1301.88847,0.03499
1398,1299.95975,0.03581
1399,1298.03103,0.03672
1400,1296.1023,0.03773
1401,1294.17358,0.03885
1402,1292.24486,0.04012
1403,1290.31613,0.04145
1404,1288.38741,0.04288
1405,1286.45868,0.04457
1406,1284.52996,0.04643
1407,1282.60124,0.04838
1408,1280.67251,0.05052
1409,1278.74379,0.05297
1410,1276.81507,0.05575
1411,1274.88634,0.0589
1412,1272.95762,0.0624
1413,1271.0289,0.06633
1414,1269.10017,0.07083
1415,1267.17145,0.07597
1416,1265.24272,0.08167
1417,1263.314,0.08791
1418,1261.38528,0.09484
1419,1259.45655,0.10263
1420,1257.52783,0.11115
1421,1255.59911,0.1201
1422,1253.67038,0.12928
1423,1251.74166,0.13844
1424,1249.81294,0.14737
1425,1247.88421,0.15597
1426,1245.95549,0.16407
1427,1244.02676,0.17151
1428,1242.09804,0.17818
1429,1240.16932,0.1842
1430,1238.24059,0.18975
1431,1236.31187,0.19473
1432,1234.38315,0.199
1433,1232.45442,0.20279
1434,1230.5257,0.20654
1435,1228.59697,0.21027
1436,1226.66825,0.21373
1437,1224.73953,0.21678
1438,1222.8108,0.21953
1439,1220.88208,0.22216
1440,1218.95336,0.22466
1441,1217.02463,0.22697
1442,1215.09591,0.22933
1443,1213.16719,0.23185
1444,1211.23846,0.23425
1445,1209.30974,0.23644
1446,1207.38101,0.23845
1447,1205.45229,0.24035
1448,1203.52357,0.24227
1449,1201.59484,0.24434
1450,1199.66612,0.24657
1451,1197.7374,0.24891
1452,1195.80867,0.25121
1453,1193.87995,0.25322
1454,1191.95123,0.25498
1455,1190.0225,0.25679
1456,1188.09378,0.25875
1457,1186.16505,0.26067
1458,1184.23633,0.26257
1459,1182.30761,0.26452
1460,1180.37888,0.26638
1461,1178.45016,0.26809
1462,1176.52144,0.26969
1463,1174.59271,0.27133
1464,1172.66399,0.27308
1465,1170.73526,0.27472
1466,1168.80654,0.27619
1467,1166.87782,0.27758
1468,1164.94909,0.27879
1469,1163.02037,0.28004
1470,1161.09165,0.28179
1471,1159.16292,0.28386
1472,1157.2342,0.28576
1473,1155.30548,0.28742
1474,1153.37675,0.28901
1475,1151.44803,0.29054
1476,1149.5193,0.29193
1477,1147.59058,0.29312
1478,1145.66186,0.29431
1479,1143.73313,0.29582
1480,1141.80441,0.29759
1481,1139.87569,0.29929
1482,1137.94696,0.30098
1483,1136.01824,0.30303
1484,1134.08952,0.30514
1485,1132.16079,0.3068
1486,1130.23207,0.30827
1487,1128.30334,0.30987
1488,1126.37462,0.31198
1489,1124.4459,0.31488
1490,1122.51717,0.31806
1491,1120.58845,0.32115
1492,1118.65973,0.32449
1493,1116.731,0.32838
1494,1114.80228,0.3327
1495,1112.87355,0.33731
1496,1110.94483,0.34232
1497,1109.01611,0.34772
1498,1107.08738,0.35321
1499,1105.15866,0.35861
1500,1103.22994,0.36406
1501,1101.30121,0.36896
1502,1099.37249,0.37251
1503,1097.44377,0.37538
1504,1095.51504,0.37839
1505,1093.58632,0.38113
1506,1091.65759,0.38287
1507,1089.72887,0.38356
1508,1087.80015,0.38371
1509,1085.87142,0.38377
1510,1083.9427,0.38355
1511,1082.01398,0.38279
1512,1080.08525,0.3818
1513,1078.15653,0.38077
1514,1076.22781,0.37938
1515,1074.29908,0.37736
1516,1072.37036,0.37495
1517,1070.44163,0.37245
1518,1068.51291,0.36962
1519,1066.58419,0.36624
1520,1064.65546,0.36252
1521,1062.72674,0.35904
1522,1060.79802,0.35573
1523,1058.86929,0.35187
1524,1056.94057,0.34741
1525,1055.01184,0.34291
1526,1053.08312,0.33843
1527,1051.1544,0.33386
1528,1049.22567,0.329
1529,1047.29695,0.32343
1530,1045.36823,0.31742
1531,1043.4395,0.31161
1532,1041.51078,0.30589
1533,1039.58206,0.30008
1534,1037.65333,0.29439
1535,1035.72461,0.2887
1536,1033.79588,0.28271
1537,1031.86716,0.27676
1538,1029.93844,0.27121
1539,1028.00971,0.26577
1540,1026.08099,0.26014
1541,1024.15227,0.25474
1542,1022.22354,0.24998
1543,1020.29482,0.24533
1544,1018.3661,0.24038
1545,1016.43737,0.23558
1546,1014.50865,0.23124
1547,1012.57992,0.22728
1548,1010.6512,0.22356
1549,1008.72248,0.21996
1550,1006.79375,0.21642
1551,1004.86503,0.21295
1552,1002.93631,0.20939
1553,1001.00758,0.20567
1554,999.07886,0.20222
1555,997.15013,0.19937
1556,995.22141,0.19664
1557,993.29269,0.19364
1558,991.36396,0.19073
1559,989.43524,0.18814
1560,987.50652,0.18574
1561,985.57779,0.18356
1562,983.64907,0.18169
1563,981.72035,0.17991
1564,979.79162,0.1783
1565,977.8629,0.17717
1566,975.93417,0.17625
1567,974.00545,0.17513
1568,972.07673,0.17414
1569,970.148,0.17361
1570,968.21928,0.17332
1571,966.29056,0.17299
1572,964.36183,0.17258
1573,962.43311,0.1721
1574,960.50439,0.17153
1575,958.57566,0.17099
1576,956.64694,0.17066
1577,954.71821,0.1704
1578,952.78949,0.16984
1579,950.86077,0.16892
1580,948.93204,0.16784
1581,947.00332,0.16667
1582,945.0746,0.16558
1583,943.14587,0.16445
1584,941.21715,0.16296
1585,939.28842,0.16119
1586,937.3597,0.1594
1587,935.43098,0.15786
1588,933.50225,0.15656
1589,931.57353,0.15488
1590,929.64481,0.15254
1591,927.71608,0.1503
1592,925.78736,0.14856
1593,923.85864,0.14651
1594,921.92991,0.14386
1595,920.00119,0.14111
1596,918.07246,0.13867
1597,916.14374,0.13656
1598,914.21502,0.13431
1599,912.28629,0.13161
1600,910.35757,0.12856
1601,908.42885,0.1254
1602,906.50012,0.1224
1603,904.5714,0.11964
1604,902.64268,0.11693
1605,900.71395,0.11424
1606,898.78523,0.11171
1607,896.8565,0.10934
1608,894.92778,0.10684
1609,892.99906,0.10411
1610,891.07033,0.10143
1611,889.14161,0.09886
1612,887.21289,0.09623
1613,885.28416,0.09363
1614,883.35544,0.09105
1615,881.42671,0.08839
1616,879.49799,0.0859
1617,877.56927,0.08386
1618,875.64054,0.08222
1619,873.71182,0.08063
1620,871.7831,0.07875
1621,869.85437,0.07675
1622,867.92565,0.07517
1623,865.99693,0.07401
1624,864.0682,0.07281
1625,862.13948,0.07149
1626,860.21075,0.07027
1627,858.28203,0.06914
1628,856.35331,0.06801
1629,854.42458,0.067
1630,852.49586,0.06626
1631,850.56714,0.06586
1632,848.63841,0.06582
1633,846.70969,0.06626
1634,844.78097,0.06701
1635,842.85224,0.06796
1636,840.92352,0.06948
1637,838.99479,0.07163
1638,837.06607,0.07388
1639,835.13735,0.07603
1640,833.20862,0.07825
1641,831.2799,0.08066
1642,829.35118,0.08319
1643,827.42245,0.08583
1644,825.49373,0.08897
1645,823.56501,0.0925
1646,821.63628,0.0955
1647,819.70756,0.09774
1648,817.77883,0.10003
1649,815.85011,0.10264
1650,813.92139,0.10526
1651,811.99266,0.10779
1652,810.06394,0.11032
1653,808.13522,0.11275
1654,806.20649,0.11515
1655,804.27777,0.11749
1656,802.34904,0.11964
1657,800.42032,0.12149
1658,798.4916,0.12246
1659,796.56287,0.12231
1660,794.63415,0.12187
1661,792.70543,0.12158
1662,790.7767,0.12113
1663,788.84798,0.12027
1664,786.91926,0.11889
1665,784.99053,0.11689
1666,783.06181,0.11431
1667,781.13308,0.11142
1668,779.20436,0.10837
1669,777.27564,0.10533
1670,775.34691,0.10247
1671,773.41819,0.0999
1672,771.48947,0.09763
1673,769.56074,0.09546
1674,767.63202,0.09351
1675,765.7033,0.09227
1676,763.77457,0.09164
1677,761.84585,0.09131
1678,759.91712,0.09124
1679,757.9884,0.09132
1680,756.05968,0.09122
1681,754.13095,0.09074
1682,752.20223,0.09026
1683,750.27351,0.09012
1684,748.34478,0.0901
1685,746.41606,0.09004
1686,744.48733,0.08993
1687,742.55861,0.08957
1688,740.62989,0.08888
1689,738.70116,0.08842
1690,736.77244,0.08871
1691,734.84372,0.08922
1692,732.91499,0.08915
1693,730.98627,0.08867
1694,729.05755,0.08858
1695,727.12882,0.08901
1696,725.2001,0.08941
1697,723.27137,0.08963
1698,721.34265,0.0898
1699,719.41393,0.09
1700,717.4852,0.08996
1701,715.55648,0.0897
1702,713.62776,0.0898
1703,711.69903,0.09043
1704,709.77031,0.09089
1705,707.84159,0.09081
1706,705.91286,0.09078
1707,703.98414,0.09129
1708,702.05541,0.09191
1709,700.12669,0.09207
1710,698.19797,0.09197
1711,696.26924,0.09201
1712,694.34052,0.09205
1713,692.4118,0.092
1714,690.48307,0.09204
1715,688.55435,0.09225
1716,686.62562,0.09255
1717,684.6969,0.09311
1718,682.76818,0.09391
1719,680.83945,0.09461
1720,678.91073,0.09505
1721,676.98201,0.09519
1722,675.05328,0.09492
1723,673.12456,0.09438
1724,671.19584,0.0936
1725,669.26711,0.09278
1726,667.33839,0.09326
1727,665.40966,0.09497
1728,663.48094,0.09607
1729,661.55222,0.09616
1730,659.62349,0.09606
1731,657.69477,0.09652
1732,655.76605,0.0975
1733,653.83732,0.09853
1734,651.9086,0.09957
1735,649.97988,0.10069
1736,648.05115,0.10194
1737,646.12243,0.10387
1738,644.1937,0.10654
1739,642.26498,0.10888
1740,640.33626,0.11014
1741,638.40753,0.11094
1742,636.47881,0.11201
1743,634.55009,0.11332
1744,632.62136,0.11464
1745,630.69264,0.11598
1746,628.76391,0.11722
1747,626.83519,0.1181
1748,624.90647,0.11876
1749,622.97774,0.11909
1750,621.04902,0.11903
1751,619.1203,0.11911
1752,617.19157,0.11963
1753,615.26285,0.12069
1754,613.33413,0.12229
1755,611.4054,0.12432
1756,609.47668,0.12663
1757,607.54795,0.12867
1758,605.61923,0.13
1759,603.69051,0.13081
1760,601.76178,0.13135
1761,599.83306,0.13205
1762,597.90434,0.13319
1763,595.97561,0.13459
1764,594.04689,0.13613
1765,592.11817,0.13782
1766,590.18944,0.13973
1767,588.26072,0.14172
1768,586.33199,0.14343
1769,584.40327,0.14437
1770,582.47455,0.14417
1771,580.54582,0.14336
1772,578.6171,0.14248
1773,576.68838,0.14185
1774,574.75965,0.14213
1775,572.83093,0.14283
1776,570.9022,0.14319
1777,568.97348,0.14309
1778,567.04476,0.14233
1779,565.11603,0.1412
1780,563.18731,0.14078
1781,561.25859,0.14157
1782,559.32986,0.14266
1783,557.40114,0.14285
1784,555.47242,0.14251
1785,553.54369,0.14281
1786,551.61497,0.14384
1787,549.68624,0.14532
1788,547.75752,0.14661
1789,545.8288,0.14674
1790,543.90007,0.14676
1791,541.97135,0.14787
1792,540.04263,0.14903
1793,538.1139,0.14881
1794,536.18518,0.14719
1795,534.25646,0.14528
1796,532.32773,0.14416
1797,530.39901,0.14377
1798,528.47028,0.1435
1799,526.54156,0.14382
1800,524.61284,0.14507
1801,522.68411,0.14569
1802,520.75539,0.14526
1803,518.82667,0.14597
1804,516.89794,0.14843
1805,514.96922,0.15031
1806,513.04049,0.15064
1807,511.11177,0.15138
1808,509.18305,0.15381
1809,507.25432,0.15785
1810,505.3256,0.16302
1811,503.39688,0.16755
1812,501.46815,0.17025
1813,499.53943,0.17241
1814,497.61071,0.17596
1815,495.68198,0.18159
1816,493.75326,0.189
1817,491.82453,0.19716
1818,489.89581,0.20399
1819,487.96709,0.20853
1820,486.03836,0.21246
1821,484.10964,0.21762
1822,482.18092,0.22447
1823,480.25219,0.23176
1824,478.32347,0.23697
1825,476.39475,0.2396
1826,474.46602,0.24253
1827,472.5373,0.24795
1828,470.60857,0.25417
1829,468.67985,0.2588
1830,466.75113,0.26149
1831,464.8224,0.2623
1832,462.89368,0.26198
1833,460.96496,0.26127
1834,459.03623,0.25956
1835,457.10751,0.25707
1836,455.17878,0.2539
1837,453.25006,0.25023
1838,451.32134,0.24872
1839,449.39261,0.2493
1840,447.46389,0.24749
1841,445.53517,0.24093
1842,443.60644,0.2321
1843,441.67772,0.22477
1844,439.749,0.2201
1845,437.82027,0.21761
1846,435.89155,0.21565
1847,433.96282,0.20983
1848,432.0341,0.19832
1849,430.10538,0.18739
1850,428.17665,0.18445
1851,426.24793,0.18718
1852,424.31921,0.18605
1853,422.39048,0.17675
1854,420.46176,0.16482
1855,418.53304,0.16013
1856,416.60431,0.16374
1857,414.67559,0.16762
1858,412.74686,0.16867
1859,410.81814,0.16603
1860,408.88942,0.15937
1861,406.96069,0.15246
1862,405.03197,0.1505
1863,403.10325,0.15257
1864,401.17452,0.14922
1865,399.2458,0.13438
1866,397.31708,0.11808
1867,395.38835,0.11467
1868,393.45963,0.122
1869,391.5309,0.13287
1870,389.60218,0.13746
1871,387.67346,0.11891
1872,385.74473,0.08576
1873,383.81601,0.08511
1874,381.88729,0.12048
1875,379.95856,0.13169
1876,378.02984,0.08925
1877,376.10111,0.02438
1878,374.17239,0.0
1879,372.24367,-0.00494
1880,370.31494,0.00021
1881,368.38622,0.0
