"...1","wavenumber","absorbance"
0,3996.31543,0.00062
1,3994.38671,0.00064
2,3992.45799,1e-04
3,3990.52926,0.00058
4,3988.60054,0.00086
5,3986.67182,0.00025
6,3984.74309,0.00077
7,3982.81437,0.00078
8,3980.88564,0.00055
9,3978.95692,0.00111
10,3977.0282,0.00085
11,3975.09947,0.00056
12,3973.17075,0.00126
13,3971.24203,0.00077
14,3969.3133,0.00074
15,3967.38458,0.00058
16,3965.45586,6e-04
17,3963.52713,6e-05
18,3961.59841,0.00082
19,3959.66968,0.00071
20,3957.74096,0.00069
21,3955.81224,0.00036
22,3953.88351,0.00028
23,3951.95479,0.00068
24,3950.02607,0.00095
25,3948.09734,0.00104
26,3946.16862,0.00104
27,3944.2399,0.00017
28,3942.31117,0.00133
29,3940.38245,0.0012
30,3938.45372,0.00131
31,3936.525,0.00078
32,3934.59628,0.0014
33,3932.66755,0.00201
34,3930.73883,0.00025
35,3928.81011,0.00074
36,3926.88138,0.00049
37,3924.95266,0.00054
38,3923.02393,0.00082
39,3921.09521,0.00107
40,3919.16649,0.00012
41,3917.23776,0.00105
42,3915.30904,0.00037
43,3913.38032,0.00096
44,3911.45159,0.00091
45,3909.52287,0.00087
46,3907.59415,0.00063
47,3905.66542,9e-05
48,3903.7367,4e-05
49,3901.80797,0.00044
50,3899.87925,0.00078
51,3897.95053,0.00077
52,3896.0218,8e-04
53,3894.09308,0.00042
54,3892.16436,0.00091
55,3890.23563,2e-04
56,3888.30691,0.00058
57,3886.37819,0.00088
58,3884.44946,0.00029
59,3882.52074,0.00072
60,3880.59201,0.00131
61,3878.66329,0.00045
62,3876.73457,0.00105
63,3874.80584,0.00129
64,3872.87712,4e-04
65,3870.9484,0.00123
66,3869.01967,0.00156
67,3867.09095,0.00054
68,3865.16222,0.00108
69,3863.2335,0.00041
70,3861.30478,0.00073
71,3859.37605,0.00054
72,3857.44733,0.00089
73,3855.51861,0.00137
74,3853.58988,0.002
75,3851.66116,0.00075
76,3849.73244,0.00094
77,3847.80371,0.00129
78,3845.87499,0.00148
79,3843.94626,0.00102
80,3842.01754,2e-04
81,3840.08882,0.00062
82,3838.16009,0.00118
83,3836.23137,0.00032
84,3834.30265,0.00089
85,3832.37392,0.00141
86,3830.4452,0.00114
87,3828.51648,0.00084
88,3826.58775,0.00114
89,3824.65903,0.00129
90,3822.7303,0.00149
91,3820.80158,0.00167
92,3818.87286,0.00077
93,3816.94413,0.00256
94,3815.01541,0.00099
95,3813.08669,0.00174
96,3811.15796,0.00225
97,3809.22924,0.00161
98,3807.30052,0.00244
99,3805.37179,0.00167
100,3803.44307,0.00229
101,3801.51434,0.00292
102,3799.58562,0.00163
103,3797.6569,0.00293
104,3795.72817,0.00301
105,3793.79945,0.00314
106,3791.87073,0.00299
107,3789.942,0.00319
108,3788.01328,0.00352
109,3786.08455,0.00355
110,3784.15583,0.00381
111,3782.22711,0.00376
112,3780.29838,0.00416
113,3778.36966,0.00402
114,3776.44094,0.00499
115,3774.51221,0.00519
116,3772.58349,0.00477
117,3770.65477,0.00545
118,3768.72604,0.0052
119,3766.79732,0.00577
120,3764.86859,0.00617
121,3762.93987,0.00655
122,3761.01115,0.00666
123,3759.08242,0.00688
124,3757.1537,0.00759
125,3755.22498,0.00736
126,3753.29625,0.00831
127,3751.36753,0.00738
128,3749.43881,0.00934
129,3747.51008,0.00894
130,3745.58136,0.01223
131,3743.65263,0.01183
132,3741.72391,0.0115
133,3739.79519,0.0119
134,3737.86646,0.01271
135,3735.93774,0.01384
136,3734.00902,0.0147
137,3732.08029,0.01701
138,3730.15157,0.01791
139,3728.22284,0.01958
140,3726.29412,0.02174
141,3724.3654,0.02348
142,3722.43667,0.02667
143,3720.50795,0.0292
144,3718.57923,0.03299
145,3716.6505,0.03662
146,3714.72178,0.04093
147,3712.79306,0.04618
148,3710.86433,0.04972
149,3708.93561,0.05532
150,3707.00688,0.06007
151,3705.07816,0.06457
152,3703.14944,0.06841
153,3701.22071,0.07206
154,3699.29199,0.07596
155,3697.36327,0.07906
156,3695.43454,0.08143
157,3693.50582,0.08259
158,3691.5771,0.08405
159,3689.64837,0.08633
160,3687.71965,0.08979
161,3685.79092,0.0925
162,3683.8622,0.09527
163,3681.93348,0.09901
164,3680.00475,0.10335
165,3678.07603,0.10517
166,3676.14731,0.10879
167,3674.21858,0.11451
168,3672.28986,0.11804
169,3670.36113,0.1222
170,3668.43241,0.1267
171,3666.50369,0.13131
172,3664.57496,0.13527
173,3662.64624,0.13876
174,3660.71752,0.1423
175,3658.78879,0.14546
176,3656.86007,0.1491
177,3654.93135,0.15283
178,3653.00262,0.15569
179,3651.0739,0.15864
180,3649.14517,0.1612
181,3647.21645,0.16547
182,3645.28773,0.17018
183,3643.359,0.17387
184,3641.43028,0.17722
185,3639.50156,0.1805
186,3637.57283,0.18359
187,3635.64411,0.18634
188,3633.71539,0.1893
189,3631.78666,0.19127
190,3629.85794,0.19213
191,3627.92921,0.19542
192,3626.00049,0.19863
193,3624.07177,0.20058
194,3622.14304,0.20108
195,3620.21432,0.20063
196,3618.2856,0.20052
197,3616.35687,0.20157
198,3614.42815,0.20013
199,3612.49942,0.20029
200,3610.5707,0.20096
201,3608.64198,0.20136
202,3606.71325,0.20226
203,3604.78453,0.20233
204,3602.85581,0.20221
205,3600.92708,0.20313
206,3598.99836,0.20345
207,3597.06964,0.2036
208,3595.14091,0.20358
209,3593.21219,0.20477
210,3591.28346,0.20581
211,3589.35474,0.20512
212,3587.42602,0.20489
213,3585.49729,0.20662
214,3583.56857,0.20798
215,3581.63985,0.20803
216,3579.71112,0.2087
217,3577.7824,0.20949
218,3575.85368,0.21034
219,3573.92495,0.21089
220,3571.99623,0.21207
221,3570.0675,0.21275
222,3568.13878,0.21191
223,3566.21006,0.21357
224,3564.28133,0.21415
225,3562.35261,0.21521
226,3560.42389,0.2164
227,3558.49516,0.21676
228,3556.56644,0.21757
229,3554.63771,0.21819
230,3552.70899,0.21828
231,3550.78027,0.21907
232,3548.85154,0.21921
233,3546.92282,0.22021
234,3544.9941,0.22073
235,3543.06537,0.22129
236,3541.13665,0.22227
237,3539.20793,0.22331
238,3537.2792,0.22426
239,3535.35048,0.22394
240,3533.42175,0.22529
241,3531.49303,0.22528
242,3529.56431,0.22644
243,3527.63558,0.22647
244,3525.70686,0.22726
245,3523.77814,0.22825
246,3521.84941,0.22842
247,3519.92069,0.22972
248,3517.99197,0.23079
249,3516.06324,0.23107
250,3514.13452,0.23116
251,3512.20579,0.23193
252,3510.27707,0.23272
253,3508.34835,0.2337
254,3506.41962,0.23461
255,3504.4909,0.23488
256,3502.56218,0.23582
257,3500.63345,0.23658
258,3498.70473,0.23838
259,3496.776,0.23725
260,3494.84728,0.23852
261,3492.91856,0.23961
262,3490.98983,0.23965
263,3489.06111,0.24125
264,3487.13239,0.24071
265,3485.20366,0.24214
266,3483.27494,0.24184
267,3481.34622,0.24339
268,3479.41749,0.24444
269,3477.48877,0.24419
270,3475.56004,0.24522
271,3473.63132,0.24658
272,3471.7026,0.24685
273,3469.77387,0.24766
274,3467.84515,0.24811
275,3465.91643,0.24753
276,3463.9877,0.24862
277,3462.05898,0.25008
278,3460.13026,0.24975
279,3458.20153,0.24985
280,3456.27281,0.25094
281,3454.34408,0.2521
282,3452.41536,0.25211
283,3450.48664,0.25142
284,3448.55791,0.25246
285,3446.62919,0.25188
286,3444.70047,0.25326
287,3442.77174,0.25252
288,3440.84302,0.25321
289,3438.91429,0.2531
290,3436.98557,0.25423
291,3435.05685,0.25411
292,3433.12812,0.25425
293,3431.1994,0.25528
294,3429.27068,0.25498
295,3427.34195,0.2559
296,3425.41323,0.25486
297,3423.48451,0.25604
298,3421.55578,0.25454
299,3419.62706,0.25556
300,3417.69833,0.2554
301,3415.76961,0.25559
302,3413.84089,0.25593
303,3411.91216,0.25577
304,3409.98344,0.25617
305,3408.05472,0.25653
306,3406.12599,0.25664
307,3404.19727,0.256
308,3402.26855,0.25542
309,3400.33982,0.25629
310,3398.4111,0.25646
311,3396.48237,0.25556
312,3394.55365,0.25611
313,3392.62493,0.25612
314,3390.6962,0.25558
315,3388.76748,0.25608
316,3386.83876,0.25625
317,3384.91003,0.25529
318,3382.98131,0.25504
319,3381.05259,0.25574
320,3379.12386,0.25538
321,3377.19514,0.25439
322,3375.26641,0.25433
323,3373.33769,0.25457
324,3371.40897,0.25421
325,3369.48024,0.25347
326,3367.55152,0.2528
327,3365.6228,0.25297
328,3363.69407,0.25356
329,3361.76535,0.25259
330,3359.83662,0.25283
331,3357.9079,0.25187
332,3355.97918,0.25248
333,3354.05045,0.25147
334,3352.12173,0.25068
335,3350.19301,0.25071
336,3348.26428,0.25018
337,3346.33556,0.24974
338,3344.40684,0.24839
339,3342.47811,0.24802
340,3340.54939,0.24793
341,3338.62066,0.24779
342,3336.69194,0.24748
343,3334.76322,0.24669
344,3332.83449,0.24677
345,3330.90577,0.24578
346,3328.97705,0.24532
347,3327.04832,0.24441
348,3325.1196,0.24376
349,3323.19088,0.24414
350,3321.26215,0.24333
351,3319.33343,0.24234
352,3317.4047,0.24229
353,3315.47598,0.24226
354,3313.54726,0.2411
355,3311.61853,0.24089
356,3309.68981,0.24121
357,3307.76109,0.24023
358,3305.83236,0.24041
359,3303.90364,0.23866
360,3301.97491,0.23818
361,3300.04619,0.23781
362,3298.11747,0.23803
363,3296.18874,0.23749
364,3294.26002,0.23733
365,3292.3313,0.2369
366,3290.40257,0.23564
367,3288.47385,0.23609
368,3286.54513,0.23573
369,3284.6164,0.23471
370,3282.68768,0.2344
371,3280.75895,0.23391
372,3278.83023,0.23267
373,3276.90151,0.23297
374,3274.97278,0.23274
375,3273.04406,0.23156
376,3271.11534,0.23157
377,3269.18661,0.23077
378,3267.25789,0.23125
379,3265.32917,0.23059
380,3263.40044,0.23024
381,3261.47172,0.22877
382,3259.54299,0.22891
383,3257.61427,0.2284
384,3255.68555,0.2276
385,3253.75682,0.22724
386,3251.8281,0.22656
387,3249.89938,0.22662
388,3247.97065,0.22657
389,3246.04193,0.22593
390,3244.1132,0.22501
391,3242.18448,0.22372
392,3240.25576,0.22382
393,3238.32703,0.22371
394,3236.39831,0.223
395,3234.46959,0.22209
396,3232.54086,0.22199
397,3230.61214,0.22059
398,3228.68342,0.2199
399,3226.75469,0.22011
400,3224.82597,0.21958
401,3222.89724,0.21888
402,3220.96852,0.21728
403,3219.0398,0.21729
404,3217.11107,0.21673
405,3215.18235,0.2159
406,3213.25363,0.21487
407,3211.3249,0.21432
408,3209.39618,0.21424
409,3207.46746,0.21311
410,3205.53873,0.21229
411,3203.61001,0.21142
412,3201.68128,0.21025
413,3199.75256,0.20945
414,3197.82384,0.20913
415,3195.89511,0.20848
416,3193.96639,0.20734
417,3192.03767,0.20649
418,3190.10894,0.20543
419,3188.18022,0.2053
420,3186.25149,0.20384
421,3184.32277,0.2035
422,3182.39405,0.20218
423,3180.46532,0.20135
424,3178.5366,0.20067
425,3176.60788,0.19983
426,3174.67915,0.19854
427,3172.75043,0.1976
428,3170.82171,0.19659
429,3168.89298,0.19606
430,3166.96426,0.19502
431,3165.03553,0.19434
432,3163.10681,0.19377
433,3161.17809,0.19269
434,3159.24936,0.19167
435,3157.32064,0.19011
436,3155.39192,0.18929
437,3153.46319,0.18851
438,3151.53447,0.18804
439,3149.60575,0.18666
440,3147.67702,0.18629
441,3145.7483,0.18524
442,3143.81957,0.18465
443,3141.89085,0.18369
444,3139.96213,0.18241
445,3138.0334,0.18188
446,3136.10468,0.181
447,3134.17596,0.18017
448,3132.24723,0.17923
449,3130.31851,0.17806
450,3128.38978,0.17719
451,3126.46106,0.17611
452,3124.53234,0.17584
453,3122.60361,0.17467
454,3120.67489,0.17354
455,3118.74617,0.17256
456,3116.81744,0.17215
457,3114.88872,0.17127
458,3112.96,0.16966
459,3111.03127,0.16849
460,3109.10255,0.16816
461,3107.17382,0.16731
462,3105.2451,0.16668
463,3103.31638,0.16553
464,3101.38765,0.16418
465,3099.45893,0.16344
466,3097.53021,0.16219
467,3095.60148,0.16134
468,3093.67276,0.16003
469,3091.74404,0.1594
470,3089.81531,0.15821
471,3087.88659,0.15683
472,3085.95786,0.15627
473,3084.02914,0.15517
474,3082.10042,0.15414
475,3080.17169,0.15317
476,3078.24297,0.15284
477,3076.31425,0.15163
478,3074.38552,0.15048
479,3072.4568,0.14918
480,3070.52807,0.14853
481,3068.59935,0.14732
482,3066.67063,0.14673
483,3064.7419,0.14548
484,3062.81318,0.14415
485,3060.88446,0.14328
486,3058.95573,0.1425
487,3057.02701,0.14189
488,3055.09829,0.1403
489,3053.16956,0.14018
490,3051.24084,0.13909
491,3049.31211,0.13798
492,3047.38339,0.13747
493,3045.45467,0.13582
494,3043.52594,0.13532
495,3041.59722,0.13451
496,3039.6685,0.13382
497,3037.73977,0.13239
498,3035.81105,0.13129
499,3033.88233,0.13032
500,3031.9536,0.12997
501,3030.02488,0.12904
502,3028.09615,0.12844
503,3026.16743,0.12734
504,3024.23871,0.1269
505,3022.30998,0.1265
506,3020.38126,0.12498
507,3018.45254,0.12488
508,3016.52381,0.12384
509,3014.59509,0.1233
510,3012.66636,0.1223
511,3010.73764,0.12145
512,3008.80892,0.12049
513,3006.88019,0.12
514,3004.95147,0.1194
515,3003.02275,0.11902
516,3001.09402,0.11843
517,2999.1653,0.11747
518,2997.23658,0.11712
519,2995.30785,0.1166
520,2993.37913,0.11534
521,2991.4504,0.11524
522,2989.52168,0.11497
523,2987.59296,0.11518
524,2985.66423,0.11441
525,2983.73551,0.11446
526,2981.80679,0.11372
527,2979.87806,0.1138
528,2977.94934,0.11404
529,2976.02062,0.11414
530,2974.09189,0.11461
531,2972.16317,0.11433
532,2970.23444,0.11477
533,2968.30572,0.1154
534,2966.377,0.11604
535,2964.44827,0.11616
536,2962.51955,0.11621
537,2960.59083,0.11588
538,2958.6621,0.1158
539,2956.73338,0.11504
540,2954.80466,0.11446
541,2952.87593,0.11304
542,2950.94721,0.11172
543,2949.01848,0.11086
544,2947.08976,0.11145
545,2945.16104,0.11122
546,2943.23231,0.11147
547,2941.30359,0.11278
548,2939.37487,0.11353
549,2937.44614,0.11414
550,2935.51742,0.11578
551,2933.58869,0.11697
552,2931.65997,0.11836
553,2929.73125,0.11923
554,2927.80252,0.11921
555,2925.8738,0.11844
556,2923.94508,0.11789
557,2922.01635,0.11563
558,2920.08763,0.11263
559,2918.15891,0.1102
560,2916.23018,0.1071
561,2914.30146,0.10478
562,2912.37273,0.10228
563,2910.44401,0.1002
564,2908.51529,0.09788
565,2906.58656,0.09623
566,2904.65784,0.09482
567,2902.72912,0.0937
568,2900.80039,0.09166
569,2898.87167,0.09047
570,2896.94295,0.08931
571,2895.01422,0.08736
572,2893.0855,0.08668
573,2891.15677,0.08541
574,2889.22805,0.08433
575,2887.29933,0.08287
576,2885.3706,0.08231
577,2883.44188,0.08173
578,2881.51316,0.08073
579,2879.58443,0.08076
580,2877.65571,0.08054
581,2875.72698,0.08019
582,2873.79826,0.07975
583,2871.86954,0.07945
584,2869.94081,0.07864
585,2868.01209,0.07802
586,2866.08337,0.07784
587,2864.15464,0.07818
588,2862.22592,0.07832
589,2860.2972,0.07966
590,2858.36847,0.08004
591,2856.43975,0.08111
592,2854.51102,0.08103
593,2852.5823,0.0796
594,2850.65358,0.0767
595,2848.72485,0.07381
596,2846.79613,0.07083
597,2844.86741,0.06867
598,2842.93868,0.06642
599,2841.00996,0.06421
600,2839.08124,0.06222
601,2837.15251,0.06077
602,2835.22379,0.05966
603,2833.29506,0.05832
604,2831.36634,0.05706
605,2829.43762,0.05627
606,2827.50889,0.05546
607,2825.58017,0.05423
608,2823.65145,0.05352
609,2821.72272,0.05306
610,2819.794,0.0524
611,2817.86527,0.05187
612,2815.93655,0.05076
613,2814.00783,0.05011
614,2812.0791,0.04953
615,2810.15038,0.04904
616,2808.22166,0.04799
617,2806.29293,0.04775
618,2804.36421,0.04728
619,2802.43549,0.04661
620,2800.50676,0.04552
621,2798.57804,0.04539
622,2796.64931,0.045
623,2794.72059,0.04405
624,2792.79187,0.0439
625,2790.86314,0.04347
626,2788.93442,0.04294
627,2787.0057,0.04241
628,2785.07697,0.0417
629,2783.14825,0.0414
630,2781.21953,0.0409
631,2779.2908,0.04033
632,2777.36208,0.03967
633,2775.43335,0.03928
634,2773.50463,0.03861
635,2771.57591,0.03802
636,2769.64718,0.03804
637,2767.71846,0.03731
638,2765.78974,0.03679
639,2763.86101,0.03587
640,2761.93229,0.03624
641,2760.00356,0.03531
642,2758.07484,0.03477
643,2756.14612,0.03441
644,2754.21739,0.03388
645,2752.28867,0.03371
646,2750.35995,0.03301
647,2748.43122,0.03274
648,2746.5025,0.03222
649,2744.57378,0.03185
650,2742.64505,0.03135
651,2740.71633,0.03075
652,2738.7876,0.0308
653,2736.85888,0.03015
654,2734.93016,0.02961
655,2733.00143,0.0296
656,2731.07271,0.02908
657,2729.14399,0.02841
658,2727.21526,0.02836
659,2725.28654,0.02779
660,2723.35782,0.02733
661,2721.42909,0.02702
662,2719.50037,0.02666
663,2717.57164,0.02623
664,2715.64292,0.02587
665,2713.7142,0.02517
666,2711.78547,0.02469
667,2709.85675,0.02458
668,2707.92803,0.02397
669,2705.9993,0.02411
670,2704.07058,0.02348
671,2702.14185,0.02334
672,2700.21313,0.02286
673,2698.28441,0.02253
674,2696.35568,0.02205
675,2694.42696,0.02165
676,2692.49824,0.02155
677,2690.56951,0.02124
678,2688.64079,0.02054
679,2686.71207,0.02036
680,2684.78334,0.02012
681,2682.85462,0.01942
682,2680.92589,0.01931
683,2678.99717,0.01903
684,2677.06845,0.0185
685,2675.13972,0.01842
686,2673.211,0.01789
687,2671.28228,0.01811
688,2669.35355,0.01763
689,2667.42483,0.01729
690,2665.49611,0.01728
691,2663.56738,0.01672
692,2661.63866,0.01622
693,2659.70993,0.01603
694,2657.78121,0.01556
695,2655.85249,0.0155
696,2653.92376,0.01469
697,2651.99504,0.01452
698,2650.06632,0.01447
699,2648.13759,0.01432
700,2646.20887,0.01373
701,2644.28014,0.01358
702,2642.35142,0.01339
703,2640.4227,0.0131
704,2638.49397,0.01296
705,2636.56525,0.01273
706,2634.63653,0.01226
707,2632.7078,0.01217
708,2630.77908,0.01194
709,2628.85036,0.01196
710,2626.92163,0.01147
711,2624.99291,0.01107
712,2623.06418,0.01078
713,2621.13546,0.01073
714,2619.20674,0.01045
715,2617.27801,0.01023
716,2615.34929,0.00993
717,2613.42057,0.00989
718,2611.49184,0.00973
719,2609.56312,0.00946
720,2607.6344,0.00953
721,2605.70567,0.00884
722,2603.77695,0.00904
723,2601.84822,0.00845
724,2599.9195,0.00819
725,2597.99078,0.00831
726,2596.06205,0.00808
727,2594.13333,0.00781
728,2592.20461,0.00744
729,2590.27588,0.0074
730,2588.34716,0.00689
731,2586.41843,0.00703
732,2584.48971,0.00687
733,2582.56099,0.00649
734,2580.63226,0.00678
735,2578.70354,0.00622
736,2576.77482,0.00628
737,2574.84609,0.00576
738,2572.91737,0.00584
739,2570.98865,0.00595
740,2569.05992,0.00548
741,2567.1312,0.00542
742,2565.20247,0.00503
743,2563.27375,0.00543
744,2561.34503,0.00492
745,2559.4163,0.00477
746,2557.48758,0.00473
747,2555.55886,0.00436
748,2553.63013,0.00436
749,2551.70141,0.00433
750,2549.77269,0.00417
751,2547.84396,0.00403
752,2545.91524,0.00396
753,2543.98651,0.00394
754,2542.05779,0.00363
755,2540.12907,0.00344
756,2538.20034,0.00324
757,2536.27162,0.00341
758,2534.3429,0.00333
759,2532.41417,0.00339
760,2530.48545,0.00338
761,2528.55673,0.00323
762,2526.628,0.00268
763,2524.69928,0.00264
764,2522.77055,0.00297
765,2520.84183,0.00283
766,2518.91311,0.00256
767,2516.98438,0.00217
768,2515.05566,0.00239
769,2513.12694,0.00208
770,2511.19821,0.00202
771,2509.26949,0.00205
772,2507.34076,0.00176
773,2505.41204,0.00172
774,2503.48332,0.00206
775,2501.55459,0.0014
776,2499.62587,0.00162
777,2497.69715,0.00172
778,2495.76842,0.00137
779,2493.8397,0.00166
780,2491.91098,0.00171
781,2489.98225,0.00131
782,2488.05353,0.00119
783,2486.1248,0.00123
784,2484.19608,0.00127
785,2482.26736,0.00133
786,2480.33863,0.00114
787,2478.40991,0.00122
788,2476.48119,0.00081
789,2474.55246,0.00101
790,2472.62374,0.00079
791,2470.69502,0.00105
792,2468.76629,0.00073
793,2466.83757,0.00075
794,2464.90884,0.00077
795,2462.98012,0.00061
796,2461.0514,8e-04
797,2459.12267,0.00066
798,2457.19395,0.00046
799,2455.26523,0.00071
800,2453.3365,0.00041
801,2451.40778,0.00033
802,2449.47905,7e-04
803,2447.55033,0.00066
804,2445.62161,0.00039
805,2443.69288,0.00057
806,2441.76416,0.00055
807,2439.83544,0.00064
808,2437.90671,0.00063
809,2435.97799,0.00077
810,2434.04927,0.00029
811,2432.12054,0.00045
812,2430.19182,0.00054
813,2428.26309,0.00048
814,2426.33437,0.00032
815,2424.40565,4e-04
816,2422.47692,0.00016
817,2420.5482,1e-04
818,2418.61948,0.00018
819,2416.69075,0.00034
820,2414.76203,0
821,2412.83331,3e-04
822,2410.90458,0.00039
823,2408.97586,3e-05
824,2407.04713,8e-05
825,2405.11841,0.00032
826,2403.18969,-0.00016
827,2401.26096,0.00025
828,2399.33224,0.00028
829,2397.40352,-0.00032
830,2395.47479,-6e-05
831,2393.54607,3e-05
832,2391.61734,-0.00017
833,2389.68862,-7e-05
834,2387.7599,-0.00023
835,2385.83117,-0.00016
836,2383.90245,-0.00017
837,2381.97373,6e-05
838,2380.045,-9e-05
839,2378.11628,0.00028
840,2376.18756,0.00033
841,2374.25883,0.00039
842,2372.33011,2e-04
843,2370.40138,-4e-05
844,2368.47266,-4e-05
845,2366.54394,0.00046
846,2364.61521,0.00018
847,2362.68649,0.00055
848,2360.75777,0.00088
849,2358.82904,0.00023
850,2356.90032,0.00067
851,2354.9716,0.00112
852,2353.04287,0.00093
853,2351.11415,0.00032
854,2349.18542,-2e-04
855,2347.2567,0.00057
856,2345.32798,0.00081
857,2343.39925,0.00112
858,2341.47053,0.00075
859,2339.54181,0.00095
860,2337.61308,0.00025
861,2335.68436,0.00019
862,2333.75563,0.00061
863,2331.82691,0.00049
864,2329.89819,-4e-05
865,2327.96946,0.00033
866,2326.04074,7e-04
867,2324.11202,5e-04
868,2322.18329,3e-04
869,2320.25457,2e-05
870,2318.32585,0.00019
871,2316.39712,1e-04
872,2314.4684,3e-05
873,2312.53967,0.00011
874,2310.61095,0.00036
875,2308.68223,0.00026
876,2306.7535,2e-04
877,2304.82478,0.00054
878,2302.89606,0.00038
879,2300.96733,8e-05
880,2299.03861,0.00029
881,2297.10989,0.00032
882,2295.18116,0.00016
883,2293.25244,0.00042
884,2291.32371,0.00027
885,2289.39499,0.00026
886,2287.46627,0.00037
887,2285.53754,8e-05
888,2283.60882,0.00044
889,2281.6801,0.00055
890,2279.75137,0.00022
891,2277.82265,0.00038
892,2275.89392,0.00028
893,2273.9652,0.00037
894,2272.03648,0.00033
895,2270.10775,0.00036
896,2268.17903,0.00028
897,2266.25031,0.00037
898,2264.32158,0.00027
899,2262.39286,0.00031
900,2260.46414,0.00051
901,2258.53541,-1e-05
902,2256.60669,0.00014
903,2254.67796,3e-05
904,2252.74924,0.00025
905,2250.82052,0.00033
906,2248.89179,-1e-05
907,2246.96307,4e-05
908,2245.03435,0.00042
909,2243.10562,7e-05
910,2241.1769,-0.00016
911,2239.24818,0.00011
912,2237.31945,1e-05
913,2235.39073,-6e-05
914,2233.462,0.00027
915,2231.53328,6e-05
916,2229.60456,0.00036
917,2227.67583,-0.00034
918,2225.74711,-0.00017
919,2223.81839,2e-05
920,2221.88966,6e-05
921,2219.96094,0
922,2218.03221,-6e-05
923,2216.10349,0.00017
924,2214.17477,-0.00023
925,2212.24604,-0.00011
926,2210.31732,-3e-04
927,2208.3886,-5e-05
928,2206.45987,-7e-05
929,2204.53115,4e-05
930,2202.60243,-6e-05
931,2200.6737,2e-05
932,2198.74498,-0.00016
933,2196.81625,-9e-05
934,2194.88753,0.00011
935,2192.95881,0.00016
936,2191.03008,0
937,2189.10136,0.00012
938,2187.17264,1e-04
939,2185.24391,-0.00016
940,2183.31519,0.00014
941,2181.38647,-0.00017
942,2179.45774,-0.00023
943,2177.52902,-5e-05
944,2175.60029,0.00028
945,2173.67157,9e-05
946,2171.74285,1e-05
947,2169.81412,-7e-05
948,2167.8854,0.00033
949,2165.95668,0.00043
950,2164.02795,0.00044
951,2162.09923,0.00039
952,2160.1705,0.00011
953,2158.24178,-1e-05
954,2156.31306,0.00033
955,2154.38433,0.00025
956,2152.45561,0.00049
957,2150.52689,0.00021
958,2148.59816,0.00052
959,2146.66944,0.00056
960,2144.74072,0.00065
961,2142.81199,0.00078
962,2140.88327,4e-04
963,2138.95454,0.00024
964,2137.02582,0
965,2135.0971,0.00032
966,2133.16837,0.00035
967,2131.23965,0.00029
968,2129.31093,0.00019
969,2127.3822,0.00052
970,2125.45348,0
971,2123.52476,0.00016
972,2121.59603,6e-05
973,2119.66731,0.00021
974,2117.73858,9e-05
975,2115.80986,0.00014
976,2113.88114,0
977,2111.95241,-5e-05
978,2110.02369,0.00027
979,2108.09497,0.00013
980,2106.16624,0.00032
981,2104.23752,0.00013
982,2102.3088,4e-05
983,2100.38007,-0.00013
984,2098.45135,-6e-05
985,2096.52262,-6e-05
986,2094.5939,2e-04
987,2092.66518,0
988,2090.73645,3e-04
989,2088.80773,0.00023
990,2086.87901,8e-05
991,2084.95028,1e-04
992,2083.02156,0.00012
993,2081.09283,0.00014
994,2079.16411,-2e-05
995,2077.23539,0.00017
996,2075.30666,0.00029
997,2073.37794,0.00052
998,2071.44922,0.00034
999,2069.52049,-9e-05
1000,2067.59177,0.00017
1001,2065.66305,-5e-05
1002,2063.73432,0.00032
1003,2061.8056,0.00014
1004,2059.87687,0.00023
1005,2057.94815,0.00038
1006,2056.01943,3e-04
1007,2054.0907,0.00058
1008,2052.16198,0.00079
1009,2050.23326,0.00067
1010,2048.30453,0.00076
1011,2046.37581,0.00124
1012,2044.44709,0.00131
1013,2042.51836,0.00148
1014,2040.58964,0.00186
1015,2038.66091,0.00194
1016,2036.73219,0.00238
1017,2034.80347,0.0027
1018,2032.87474,0.00311
1019,2030.94602,0.00314
1020,2029.0173,0.00342
1021,2027.08857,0.00386
1022,2025.15985,0.00403
1023,2023.23112,0.00429
1024,2021.3024,0.00457
1025,2019.37368,0.00477
1026,2017.44495,0.00513
1027,2015.51623,0.00528
1028,2013.58751,0.00533
1029,2011.65878,0.00575
1030,2009.73006,0.00596
1031,2007.80134,0.00598
1032,2005.87261,0.00612
1033,2003.94389,0.00617
1034,2002.01516,0.00622
1035,2000.08644,0.00638
1036,1998.15772,0.00652
1037,1996.22899,0.00652
1038,1994.30027,0.00642
1039,1992.37155,0.0062
1040,1990.44282,0.00665
1041,1988.5141,0.00676
1042,1986.58538,0.00672
1043,1984.65665,0.00671
1044,1982.72793,0.0066
1045,1980.7992,0.00656
1046,1978.87048,0.00649
1047,1976.94176,0.00629
1048,1975.01303,0.00626
1049,1973.08431,0.00632
1050,1971.15559,0.00624
1051,1969.22686,0.00622
1052,1967.29814,0.00563
1053,1965.36941,0.00561
1054,1963.44069,0.0058
1055,1961.51197,0.00541
1056,1959.58324,0.00537
1057,1957.65452,0.00534
1058,1955.7258,0.00558
1059,1953.79707,0.00519
1060,1951.86835,0.00505
1061,1949.93963,0.00487
1062,1948.0109,0.00494
1063,1946.08218,0.00434
1064,1944.15345,0.00429
1065,1942.22473,0.00395
1066,1940.29601,0.00468
1067,1938.36728,0.00436
1068,1936.43856,0.00438
1069,1934.50984,0.00453
1070,1932.58111,0.00458
1071,1930.65239,0.00472
1072,1928.72367,0.00455
1073,1926.79494,0.00463
1074,1924.86622,0.00451
1075,1922.93749,0.00434
1076,1921.00877,0.00494
1077,1919.08005,0.00457
1078,1917.15132,0.00486
1079,1915.2226,0.00568
1080,1913.29388,0.00606
1081,1911.36515,0.00637
1082,1909.43643,0.00649
1083,1907.5077,0.00738
1084,1905.57898,0.00869
1085,1903.65026,0.00938
1086,1901.72153,0.00962
1087,1899.79281,0.01043
1088,1897.86409,0.01077
1089,1895.93536,0.01121
1090,1894.00664,0.01164
1091,1892.07792,0.0126
1092,1890.14919,0.01299
1093,1888.22047,0.01322
1094,1886.29174,0.01401
1095,1884.36302,0.01378
1096,1882.4343,0.01472
1097,1880.50557,0.01468
1098,1878.57685,0.01482
1099,1876.64813,0.0151
1100,1874.7194,0.0152
1101,1872.79068,0.01527
1102,1870.86196,0.01471
1103,1868.93323,0.01329
1104,1867.00451,0.0141
1105,1865.07578,0.01415
1106,1863.14706,0.01357
1107,1861.21834,0.01319
1108,1859.28961,0.0126
1109,1857.36089,0.01176
1110,1855.43217,0.0111
1111,1853.50344,0.01053
1112,1851.57472,0.01016
1113,1849.64599,0.00909
1114,1847.71727,0.00862
1115,1845.78855,0.00801
1116,1843.85982,0.00698
1117,1841.9311,0.00736
1118,1840.00238,0.007
1119,1838.07365,0.00684
1120,1836.14493,0.00638
1121,1834.21621,0.00648
1122,1832.28748,0.00611
1123,1830.35876,0.00501
1124,1828.43003,0.00486
1125,1826.50131,0.00509
1126,1824.57259,0.00448
1127,1822.64386,0.00486
1128,1820.71514,0.00499
1129,1818.78642,0.00466
1130,1816.85769,0.00461
1131,1814.92897,0.00438
1132,1813.00025,0.00434
1133,1811.07152,0.00371
1134,1809.1428,0.00401
1135,1807.21407,0.00405
1136,1805.28535,0.00401
1137,1803.35663,0.00399
1138,1801.4279,0.00362
1139,1799.49918,0.00345
1140,1797.57046,0.00389
1141,1795.64173,0.00364
1142,1793.71301,0.00328
1143,1791.78428,0.0028
1144,1789.85556,0.00413
1145,1787.92684,0.00435
1146,1785.99811,0.00447
1147,1784.06939,0.00463
1148,1782.14067,0.00464
1149,1780.21194,0.00406
1150,1778.28322,0.00457
1151,1776.3545,0.00463
1152,1774.42577,0.00432
1153,1772.49705,0.00327
1154,1770.56832,0.00426
1155,1768.6396,0.00508
1156,1766.71088,0.00541
1157,1764.78215,0.00565
1158,1762.85343,0.00531
1159,1760.92471,0.00568
1160,1758.99598,0.00641
1161,1757.06726,0.00654
1162,1755.13854,0.00712
1163,1753.20981,0.00718
1164,1751.28109,0.00682
1165,1749.35236,0.00695
1166,1747.42364,0.00781
1167,1745.49492,0.00895
1168,1743.56619,0.00956
1169,1741.63747,0.01035
1170,1739.70875,0.0107
1171,1737.78002,0.012
1172,1735.8513,0.01222
1173,1733.92257,0.01214
1174,1731.99385,0.01457
1175,1730.06513,0.01585
1176,1728.1364,0.0175
1177,1726.20768,0.01884
1178,1724.27896,0.01955
1179,1722.35023,0.02067
1180,1720.42151,0.02174
1181,1718.49279,0.02134
1182,1716.56406,0.02271
1183,1714.63534,0.02521
1184,1712.70661,0.02728
1185,1710.77789,0.02891
1186,1708.84917,0.03067
1187,1706.92044,0.03136
1188,1704.99172,0.03323
1189,1703.063,0.03542
1190,1701.13427,0.03664
1191,1699.20555,0.03966
1192,1697.27683,0.04195
1193,1695.3481,0.04505
1194,1693.41938,0.04902
1195,1691.49065,0.05184
1196,1689.56193,0.05445
1197,1687.63321,0.05703
1198,1685.70448,0.0581
1199,1683.77576,0.06006
1200,1681.84704,0.06562
1201,1679.91831,0.06827
1202,1677.98959,0.07181
1203,1676.06087,0.07369
1204,1674.13214,0.07663
1205,1672.20342,0.07977
1206,1670.27469,0.08162
1207,1668.34597,0.08477
1208,1666.41725,0.08855
1209,1664.48852,0.09058
1210,1662.5598,0.09276
1211,1660.63108,0.09587
1212,1658.70235,0.09828
1213,1656.77363,0.09985
1214,1654.8449,0.09947
1215,1652.91618,0.102
1216,1650.98746,0.10462
1217,1649.05873,0.10526
1218,1647.13001,0.10541
1219,1645.20129,0.10808
1220,1643.27256,0.11035
1221,1641.34384,0.11132
1222,1639.41512,0.11162
1223,1637.48639,0.11089
1224,1635.55767,0.11067
1225,1633.62894,0.11248
1226,1631.70022,0.11355
1227,1629.7715,0.1127
1228,1627.84277,0.11124
1229,1625.91405,0.1099
1230,1623.98533,0.10734
1231,1622.0566,0.1057
1232,1620.12788,0.10409
1233,1618.19916,0.10033
1234,1616.27043,0.09605
1235,1614.34171,0.09443
1236,1612.41298,0.09152
1237,1610.48426,0.08773
1238,1608.55554,0.08362
1239,1606.62681,0.07977
1240,1604.69809,0.07611
1241,1602.76937,0.07229
1242,1600.84064,0.06914
1243,1598.91192,0.06602
1244,1596.98319,0.06269
1245,1595.05447,0.06011
1246,1593.12575,0.05798
1247,1591.19702,0.0551
1248,1589.2683,0.05284
1249,1587.33958,0.05095
1250,1585.41085,0.04924
1251,1583.48213,0.04745
1252,1581.55341,0.04558
1253,1579.62468,0.0441
1254,1577.69596,0.04203
1255,1575.76723,0.04019
1256,1573.83851,0.04008
1257,1571.90979,0.03871
1258,1569.98106,0.03632
1259,1568.05234,0.03624
1260,1566.12362,0.03603
1261,1564.19489,0.0352
1262,1562.26617,0.03437
1263,1560.33745,0.02998
1264,1558.40872,0.02797
1265,1556.48,0.03144
1266,1554.55127,0.03166
1267,1552.62255,0.03133
1268,1550.69383,0.03054
1269,1548.7651,0.03018
1270,1546.83638,0.02975
1271,1544.90766,0.02779
1272,1542.97893,0.02634
1273,1541.05021,0.02431
1274,1539.12148,0.02322
1275,1537.19276,0.02526
1276,1535.26404,0.02475
1277,1533.33531,0.02299
1278,1531.40659,0.02269
1279,1529.47787,0.02203
1280,1527.54914,0.02031
1281,1525.62042,0.01844
1282,1523.6917,0.01717
1283,1521.76297,0.01499
1284,1519.83425,0.01474
1285,1517.90552,0.01469
1286,1515.9768,0.01405
1287,1514.04808,0.01465
1288,1512.11935,0.01368
1289,1510.19063,0.01151
1290,1508.26191,0.00787
1291,1506.33318,0.00569
1292,1504.40446,0.00732
1293,1502.47574,0.00736
1294,1500.54701,0.00582
1295,1498.61829,0.00407
1296,1496.68956,0.00282
1297,1494.76084,0.00293
1298,1492.83212,0.00261
1299,1490.90339,0.00062
1300,1488.97467,-1e-05
1301,1487.04595,6e-04
1302,1485.11722,0.00159
1303,1483.1885,0.00183
1304,1481.25977,0.00166
1305,1479.33105,0.00216
1306,1477.40233,0.00233
1307,1475.4736,0.00262
1308,1473.54488,0.00264
1309,1471.61616,0.0045
1310,1469.68743,0.00815
1311,1467.75871,0.00967
1312,1465.82999,0.0096
1313,1463.90126,0.00965
1314,1461.97254,0.01082
1315,1460.04381,0.01023
1316,1458.11509,0.00895
1317,1456.18637,0.00948
1318,1454.25764,0.01061
1319,1452.32892,0.01105
1320,1450.4002,0.01111
1321,1448.47147,0.01064
1322,1446.54275,0.011
1323,1444.61403,0.01124
1324,1442.6853,0.01145
1325,1440.75658,0.01163
1326,1438.82785,0.01137
1327,1436.89913,0.01075
1328,1434.97041,0.01131
1329,1433.04168,0.01168
1330,1431.11296,0.01173
1331,1429.18424,0.01182
1332,1427.25551,0.01283
1333,1425.32679,0.01275
1334,1423.39806,0.01268
1335,1421.46934,0.0135
1336,1419.54062,0.01258
1337,1417.61189,0.01353
1338,1415.68317,0.01519
1339,1413.75445,0.01666
1340,1411.82572,0.0171
1341,1409.897,0.01838
1342,1407.96828,0.01956
1343,1406.03955,0.02022
1344,1404.11083,0.02126
1345,1402.1821,0.02243
1346,1400.25338,0.02236
1347,1398.32466,0.02072
1348,1396.39593,0.02032
1349,1394.46721,0.01773
1350,1392.53849,0.01731
1351,1390.60976,0.01571
1352,1388.68104,0.01462
1353,1386.75232,0.01249
1354,1384.82359,0.01315
1355,1382.89487,0.01299
1356,1380.96614,0.01267
1357,1379.03742,0.01188
1358,1377.1087,0.01104
1359,1375.17997,0.00975
1360,1373.25125,0.00908
1361,1371.32253,0.00913
1362,1369.3938,0.00823
1363,1367.46508,0.00789
1364,1365.53635,0.0075
1365,1363.60763,0.00572
1366,1361.67891,0.00556
1367,1359.75018,0.00556
1368,1357.82146,0.00524
1369,1355.89274,0.00535
1370,1353.96401,0.00474
1371,1352.03529,0.00475
1372,1350.10657,0.00469
1373,1348.17784,0.00497
1374,1346.24912,0.00483
1375,1344.32039,0.00477
1376,1342.39167,0.00474
1377,1340.46295,0.00438
1378,1338.53422,0.00463
1379,1336.6055,0.00451
1380,1334.67678,0.00555
1381,1332.74805,0.00546
1382,1330.81933,0.00659
1383,1328.89061,0.00665
1384,1326.96188,0.0072
1385,1325.03316,0.00775
1386,1323.10443,0.008
1387,1321.17571,0.00849
1388,1319.24699,0.00902
1389,1317.31826,0.00944
1390,1315.38954,0.01046
1391,1313.46082,0.01074
1392,1311.53209,0.01226
1393,1309.60337,0.01259
1394,1307.67464,0.01345
1395,1305.74592,0.01492
1396,1303.8172,0.01555
1397,1301.88847,0.01679
1398,1299.95975,0.01843
1399,1298.03103,0.02022
1400,1296.1023,0.02196
1401,1294.17358,0.02364
1402,1292.24486,0.02489
1403,1290.31613,0.02701
1404,1288.38741,0.02886
1405,1286.45868,0.03091
1406,1284.52996,0.03352
1407,1282.60124,0.03587
1408,1280.67251,0.03885
1409,1278.74379,0.04157
1410,1276.81507,0.0452
1411,1274.88634,0.04887
1412,1272.95762,0.05344
1413,1271.0289,0.05821
1414,1269.10017,0.06358
1415,1267.17145,0.06917
1416,1265.24272,0.076
1417,1263.314,0.08279
1418,1261.38528,0.09031
1419,1259.45655,0.09928
1420,1257.52783,0.10887
1421,1255.59911,0.11885
1422,1253.67038,0.12961
1423,1251.74166,0.14058
1424,1249.81294,0.15089
1425,1247.88421,0.16121
1426,1245.95549,0.17068
1427,1244.02676,0.18029
1428,1242.09804,0.18857
1429,1240.16932,0.19649
1430,1238.24059,0.20404
1431,1236.31187,0.21008
1432,1234.38315,0.21699
1433,1232.45442,0.22327
1434,1230.5257,0.22902
1435,1228.59697,0.23453
1436,1226.66825,0.23892
1437,1224.73953,0.24463
1438,1222.8108,0.24984
1439,1220.88208,0.2542
1440,1218.95336,0.25845
1441,1217.02463,0.2639
1442,1215.09591,0.26764
1443,1213.16719,0.27242
1444,1211.23846,0.27656
1445,1209.30974,0.28165
1446,1207.38101,0.28567
1447,1205.45229,0.29034
1448,1203.52357,0.29368
1449,1201.59484,0.29813
1450,1199.66612,0.30184
1451,1197.7374,0.30497
1452,1195.80867,0.30841
1453,1193.87995,0.31164
1454,1191.95123,0.31509
1455,1190.0225,0.31915
1456,1188.09378,0.32021
1457,1186.16505,0.32636
1458,1184.23633,0.32913
1459,1182.30761,0.33231
1460,1180.37888,0.33706
1461,1178.45016,0.3392
1462,1176.52144,0.3426
1463,1174.59271,0.34749
1464,1172.66399,0.35016
1465,1170.73526,0.35372
1466,1168.80654,0.35684
1467,1166.87782,0.36008
1468,1164.94909,0.36466
1469,1163.02037,0.36759
1470,1161.09165,0.3686
1471,1159.16292,0.37232
1472,1157.2342,0.37466
1473,1155.30548,0.37661
1474,1153.37675,0.37901
1475,1151.44803,0.3815
1476,1149.5193,0.38413
1477,1147.59058,0.38648
1478,1145.66186,0.39057
1479,1143.73313,0.39257
1480,1141.80441,0.39448
1481,1139.87569,0.39718
1482,1137.94696,0.39979
1483,1136.01824,0.40314
1484,1134.08952,0.40684
1485,1132.16079,0.41001
1486,1130.23207,0.41296
1487,1128.30334,0.41747
1488,1126.37462,0.41999
1489,1124.4459,0.42307
1490,1122.51717,0.42749
1491,1120.58845,0.43195
1492,1118.65973,0.4367
1493,1116.731,0.44046
1494,1114.80228,0.44579
1495,1112.87355,0.44998
1496,1110.94483,0.45215
1497,1109.01611,0.45754
1498,1107.08738,0.46128
1499,1105.15866,0.46688
1500,1103.22994,0.47074
1501,1101.30121,0.47493
1502,1099.37249,0.4775
1503,1097.44377,0.48045
1504,1095.51504,0.48341
1505,1093.58632,0.48541
1506,1091.65759,0.4848
1507,1089.72887,0.48656
1508,1087.80015,0.48714
1509,1085.87142,0.49013
1510,1083.9427,0.48946
1511,1082.01398,0.48932
1512,1080.08525,0.49255
1513,1078.15653,0.49002
1514,1076.22781,0.48973
1515,1074.29908,0.48867
1516,1072.37036,0.48925
1517,1070.44163,0.48913
1518,1068.51291,0.49031
1519,1066.58419,0.48999
1520,1064.65546,0.491
1521,1062.72674,0.49161
1522,1060.79802,0.49474
1523,1058.86929,0.49247
1524,1056.94057,0.49166
1525,1055.01184,0.49077
1526,1053.08312,0.49001
1527,1051.1544,0.49089
1528,1049.22567,0.48865
1529,1047.29695,0.48674
1530,1045.36823,0.48447
1531,1043.4395,0.48113
1532,1041.51078,0.47845
1533,1039.58206,0.47531
1534,1037.65333,0.4703
1535,1035.72461,0.46511
1536,1033.79588,0.46241
1537,1031.86716,0.45716
1538,1029.93844,0.45259
1539,1028.00971,0.44759
1540,1026.08099,0.44148
1541,1024.15227,0.43661
1542,1022.22354,0.43209
1543,1020.29482,0.4254
1544,1018.3661,0.42284
1545,1016.43737,0.41454
1546,1014.50865,0.40977
1547,1012.57992,0.40334
1548,1010.6512,0.39851
1549,1008.72248,0.39389
1550,1006.79375,0.38725
1551,1004.86503,0.38019
1552,1002.93631,0.3747
1553,1001.00758,0.3672
1554,999.07886,0.36077
1555,997.15013,0.35414
1556,995.22141,0.34695
1557,993.29269,0.33979
1558,991.36396,0.33263
1559,989.43524,0.32616
1560,987.50652,0.32043
1561,985.57779,0.31465
1562,983.64907,0.30915
1563,981.72035,0.30329
1564,979.79162,0.29808
1565,977.8629,0.29483
1566,975.93417,0.29208
1567,974.00545,0.28708
1568,972.07673,0.28471
1569,970.148,0.28188
1570,968.21928,0.27709
1571,966.29056,0.27547
1572,964.36183,0.27305
1573,962.43311,0.27075
1574,960.50439,0.2695
1575,958.57566,0.26703
1576,956.64694,0.26493
1577,954.71821,0.26294
1578,952.78949,0.26018
1579,950.86077,0.25794
1580,948.93204,0.25619
1581,947.00332,0.25281
1582,945.0746,0.25087
1583,943.14587,0.24866
1584,941.21715,0.24594
1585,939.28842,0.24391
1586,937.3597,0.24115
1587,935.43098,0.23812
1588,933.50225,0.23625
1589,931.57353,0.23344
1590,929.64481,0.23187
1591,927.71608,0.22901
1592,925.78736,0.2262
1593,923.85864,0.22386
1594,921.92991,0.22129
1595,920.00119,0.21912
1596,918.07246,0.21676
1597,916.14374,0.21575
1598,914.21502,0.21034
1599,912.28629,0.20713
1600,910.35757,0.20316
1601,908.42885,0.19717
1602,906.50012,0.19343
1603,904.5714,0.1879
1604,902.64268,0.18087
1605,900.71395,0.17586
1606,898.78523,0.16978
1607,896.8565,0.16537
1608,894.92778,0.15999
1609,892.99906,0.15617
1610,891.07033,0.15061
1611,889.14161,0.14613
1612,887.21289,0.14397
1613,885.28416,0.13861
1614,883.35544,0.13488
1615,881.42671,0.13174
1616,879.49799,0.12793
1617,877.56927,0.12614
1618,875.64054,0.12236
1619,873.71182,0.11863
1620,871.7831,0.11473
1621,869.85437,0.11245
1622,867.92565,0.11165
1623,865.99693,0.10792
1624,864.0682,0.10409
1625,862.13948,0.10306
1626,860.21075,0.09936
1627,858.28203,0.09912
1628,856.35331,0.09574
1629,854.42458,0.09251
1630,852.49586,0.09018
1631,850.56714,0.08949
1632,848.63841,0.0899
1633,846.70969,0.08988
1634,844.78097,0.09015
1635,842.85224,0.08905
1636,840.92352,0.09092
1637,838.99479,0.09098
1638,837.06607,0.09546
1639,835.13735,0.09733
1640,833.20862,0.10028
1641,831.2799,0.10322
1642,829.35118,0.10436
1643,827.42245,0.10894
1644,825.49373,0.11133
1645,823.56501,0.11476
1646,821.63628,0.11678
1647,819.70756,0.12092
1648,817.77883,0.12448
1649,815.85011,0.12993
1650,813.92139,0.13221
1651,811.99266,0.13623
1652,810.06394,0.14241
1653,808.13522,0.14671
1654,806.20649,0.15662
1655,804.27777,0.16007
1656,802.34904,0.16375
1657,800.42032,0.16809
1658,798.4916,0.17069
1659,796.56287,0.16944
1660,794.63415,0.16934
1661,792.70543,0.16858
1662,790.7767,0.16665
1663,788.84798,0.1669
1664,786.91926,0.16329
1665,784.99053,0.16248
1666,783.06181,0.16204
1667,781.13308,0.15873
1668,779.20436,0.15672
1669,777.27564,0.1534
1670,775.34691,0.14855
1671,773.41819,0.14662
1672,771.48947,0.14464
1673,769.56074,0.13944
1674,767.63202,0.13702
1675,765.7033,0.13575
1676,763.77457,0.13558
1677,761.84585,0.13532
1678,759.91712,0.13509
1679,757.9884,0.13398
1680,756.05968,0.13474
1681,754.13095,0.13343
1682,752.20223,0.13196
1683,750.27351,0.13296
1684,748.34478,0.13128
1685,746.41606,0.13185
1686,744.48733,0.13282
1687,742.55861,0.13276
1688,740.62989,0.13273
1689,738.70116,0.13052
1690,736.77244,0.13155
1691,734.84372,0.13156
1692,732.91499,0.13208
1693,730.98627,0.12982
1694,729.05755,0.12856
1695,727.12882,0.13064
1696,725.2001,0.13042
1697,723.27137,0.12903
1698,721.34265,0.12942
1699,719.41393,0.12823
1700,717.4852,0.12881
1701,715.55648,0.12785
1702,713.62776,0.12889
1703,711.69903,0.12801
1704,709.77031,0.1298
1705,707.84159,0.12905
1706,705.91286,0.13014
1707,703.98414,0.12997
1708,702.05541,0.13146
1709,700.12669,0.13234
1710,698.19797,0.13221
1711,696.26924,0.13377
1712,694.34052,0.13404
1713,692.4118,0.13456
1714,690.48307,0.13342
1715,688.55435,0.13148
1716,686.62562,0.13289
1717,684.6969,0.13165
1718,682.76818,0.12905
1719,680.83945,0.12911
1720,678.91073,0.12954
1721,676.98201,0.12837
1722,675.05328,0.12503
1723,673.12456,0.13047
1724,671.19584,0.12729
1725,669.26711,0.12724
1726,667.33839,0.12641
1727,665.40966,0.12737
1728,663.48094,0.12677
1729,661.55222,0.12828
1730,659.62349,0.12903
1731,657.69477,0.12565
1732,655.76605,0.13144
1733,653.83732,0.13079
1734,651.9086,0.13296
1735,649.97988,0.13788
1736,648.05115,0.13826
1737,646.12243,0.13993
1738,644.1937,0.14496
1739,642.26498,0.14944
1740,640.33626,0.15299
1741,638.40753,0.15303
1742,636.47881,0.15689
1743,634.55009,0.15854
1744,632.62136,0.15991
1745,630.69264,0.16353
1746,628.76391,0.16107
1747,626.83519,0.16149
1748,624.90647,0.16509
1749,622.97774,0.16388
1750,621.04902,0.16343
1751,619.1203,0.16556
1752,617.19157,0.17191
1753,615.26285,0.17134
1754,613.33413,0.17336
1755,611.4054,0.17588
1756,609.47668,0.17937
1757,607.54795,0.18209
1758,605.61923,0.18381
1759,603.69051,0.18472
1760,601.76178,0.19105
1761,599.83306,0.19266
1762,597.90434,0.19299
1763,595.97561,0.19817
1764,594.04689,0.2018
1765,592.11817,0.20208
1766,590.18944,0.20791
1767,588.26072,0.20665
1768,586.33199,0.20884
1769,584.40327,0.20855
1770,582.47455,0.21134
1771,580.54582,0.20918
1772,578.6171,0.21168
1773,576.68838,0.21153
1774,574.75965,0.21232
1775,572.83093,0.21144
1776,570.9022,0.21324
1777,568.97348,0.21368
1778,567.04476,0.21049
1779,565.11603,0.21261
1780,563.18731,0.21426
1781,561.25859,0.2159
1782,559.32986,0.21411
1783,557.40114,0.21747
1784,555.47242,0.21954
1785,553.54369,0.2253
1786,551.61497,0.22551
1787,549.68624,0.22785
1788,547.75752,0.22963
1789,545.8288,0.23678
1790,543.90007,0.24033
1791,541.97135,0.23974
1792,540.04263,0.24236
1793,538.1139,0.24568
1794,536.18518,0.2444
1795,534.25646,0.24428
1796,532.32773,0.24195
1797,530.39901,0.24494
1798,528.47028,0.24797
1799,526.54156,0.24809
1800,524.61284,0.2504
1801,522.68411,0.24271
1802,520.75539,0.2492
1803,518.82667,0.24589
1804,516.89794,0.2453
1805,514.96922,0.25199
1806,513.04049,0.24775
1807,511.11177,0.24974
1808,509.18305,0.25071
1809,507.25432,0.24436
1810,505.3256,0.26334
1811,503.39688,0.25698
1812,501.46815,0.2657
1813,499.53943,0.26888
1814,497.61071,0.27674
1815,495.68198,0.28548
1816,493.75326,0.29171
1817,491.82453,0.30372
1818,489.89581,0.30908
1819,487.96709,0.319
1820,486.03836,0.32364
1821,484.10964,0.32591
1822,482.18092,0.33226
1823,480.25219,0.34526
1824,478.32347,0.35771
1825,476.39475,0.35985
1826,474.46602,0.36361
1827,472.5373,0.38108
1828,470.60857,0.37536
1829,468.67985,0.38854
1830,466.75113,0.37478
1831,464.8224,0.37787
1832,462.89368,0.37568
1833,460.96496,0.37708
1834,459.03623,0.37855
1835,457.10751,0.34636
1836,455.17878,0.3485
1837,453.25006,0.35279
1838,451.32134,0.36368
1839,449.39261,0.33966
1840,447.46389,0.35716
1841,445.53517,0.33777
1842,443.60644,0.33441
1843,441.67772,0.34031
1844,439.749,0.33305
1845,437.82027,0.3097
1846,435.89155,0.33313
1847,433.96282,0.30911
1848,432.0341,0.30361
1849,430.10538,0.30388
1850,428.17665,0.28804
1851,426.24793,0.27753
1852,424.31921,0.27794
1853,422.39048,0.27886
1854,420.46176,0.25883
1855,418.53304,0.26838
1856,416.60431,0.26383
1857,414.67559,0.25654
1858,412.74686,0.23833
1859,410.81814,0.22012
1860,408.88942,0.23046
1861,406.96069,0.22424
1862,405.03197,0.22149
1863,403.10325,0.22481
1864,401.17452,0.21264
1865,399.2458,0.18546
1866,397.31708,0.16152
1867,395.38835,0.19258
1868,393.45963,0.20044
1869,391.5309,0.17285
1870,389.60218,0.22824
1871,387.67346,0.22902
1872,385.74473,0.15118
1873,383.81601,0.12857
1874,381.88729,0.17918
1875,379.95856,0.18753
1876,378.02984,0.0771
1877,376.10111,-0.00734
1878,374.17239,-0.03606
1879,372.24367,-0.09249
1880,370.31494,-0.02046
1881,368.38622,NA
